Week,Average,Company
2015-02-18,2.6599077515,amazon
2015-02-25,-0.2983070465,amazon
2015-03-04,0.20906830339999996,amazon
2015-03-12,1.7150839663,amazon
2015-03-19,0.17611725249999996,amazon
2015-03-30,1.0237688327142858,amazon
2015-04-07,1.302276927666667,amazon
2015-04-14,0.23875091541666663,amazon
2015-04-21,0.9522010380754716,amazon
2015-04-28,0.6469062897857143,amazon
2015-05-05,1.403552053,amazon
2015-05-12,2.824041584,amazon
2015-05-19,1.0811098085555555,amazon
2015-05-26,0.19091642080000001,amazon
2015-06-02,0.6846864206250001,amazon
2015-06-09,2.4844645767777775,amazon
2015-06-16,1.1008062446666667,amazon
2015-06-23,1.7359975185555556,amazon
2015-06-30,1.4420440805000003,amazon
2015-07-08,1.410922320529412,amazon
2015-07-16,1.2909014020714284,amazon
2015-07-23,1.3289441135714288,amazon
2015-07-30,1.764458688,amazon
2015-08-06,0.6241437716666667,amazon
2015-08-13,0.2317979514,amazon
2015-08-20,1.2650936381249998,amazon
2015-08-27,0.4564599523333333,amazon
2015-09-03,0.7086463702,amazon
2015-09-14,0.783674249,amazon
2015-09-21,1.6685222831666664,amazon
2015-10-02,2.131757433258064,amazon
2015-10-09,0.5453055226666668,amazon
2015-10-16,1.3889928622857144,amazon
2015-10-23,1.898030318333333,amazon
2015-11-03,1.5112371448214286,amazon
2015-11-10,1.51569414975,amazon
2015-11-19,1.150299473875,amazon
2015-11-30,0.6841310068571429,amazon
2015-12-07,1.376746514375,amazon
2015-12-15,1.3170704920000003,amazon
2015-12-22,1.1289558266666666,amazon
2015-12-29,1.1110493385714284,amazon
2016-01-05,1.7025879197272724,amazon
2016-01-12,0.734949839875,amazon
2016-01-19,0.5767603193999999,amazon
2016-01-26,1.0752626229761904,amazon
2016-02-02,0.7684444694285713,amazon
2016-02-09,0.4616324351666667,amazon
2016-02-16,0.5453807656666667,amazon
2016-02-23,1.1433805125882355,amazon
2016-03-02,1.4351090076666668,amazon
2016-03-10,0.172914383,amazon
2016-03-17,-0.044198626142857037,amazon
2016-03-24,-0.51149931775,amazon
2016-04-01,0.7288956586500001,amazon
2016-04-08,0.43294333620000003,amazon
2016-04-18,0.6639526100000002,amazon
2016-04-26,1.1335710687083331,amazon
2016-05-03,1.0321091928333335,amazon
2016-05-10,1.0328176363684212,amazon
2016-05-17,1.238914713857143,amazon
2016-05-24,1.0718878651428572,amazon
2016-05-31,0.3607141506,amazon
2016-06-07,1.2983760280952379,amazon
2016-06-14,2.0109930916666667,amazon
2016-06-21,1.8709147448571426,amazon
2016-06-28,1.3244346303636363,amazon
2016-07-06,0.57787319,amazon
2016-07-13,1.7696710170909091,amazon
2016-07-20,0.6249888587692308,amazon
2016-07-27,1.6001411266470587,amazon
2016-08-03,1.9556087976999996,amazon
2016-08-10,1.5669132300909092,amazon
2016-08-17,0.7428555877333333,amazon
2016-08-26,0.7640563788571427,amazon
2016-09-02,1.869298255,amazon
2016-09-11,0.8517663063333333,amazon
2016-09-18,-0.1596529293333333,amazon
2016-09-26,1.0368815766666668,amazon
2016-10-03,1.3359581604545454,amazon
2016-10-10,1.1843373499285714,amazon
2016-10-17,-1.3488911984285712,amazon
2016-10-24,1.5067797990925926,amazon
2016-10-31,1.051385018714286,amazon
2016-11-07,1.015991955,amazon
2016-11-14,1.148330662357143,amazon
2016-11-21,0.26324816909090903,amazon
2016-11-28,1.63882127992,amazon
2016-12-05,0.6908646117777777,amazon
2016-12-12,1.3282717187368422,amazon
2016-12-19,0.345472786,amazon
2016-12-27,0.9590681897500001,amazon
2017-01-05,0.9308350506666665,amazon
2017-01-12,1.0223814723571427,amazon
2017-01-20,0.23880892374999999,amazon
2017-01-27,1.731789204,amazon
2017-02-03,0.7013151590303032,amazon
2017-02-10,0.01204914992857147,amazon
2017-02-17,2.08490286975,amazon
2017-02-27,-1.020598309634146,amazon
2017-03-07,1.0582041634545456,amazon
2017-03-15,0.8830304883076925,amazon
2017-03-22,1.2509151790769233,amazon
2017-03-29,1.0553100731428573,amazon
2017-04-05,1.2118628083499998,amazon
2017-04-12,0.2024552940666667,amazon
2017-04-19,0.9272286045555558,amazon
2015-02-18,-2.383531961,amd
2015-03-02,-0.59347181,amd
2015-03-10,-0.670969859,amd
2015-04-07,-0.365452645,amd
2015-04-15,-1.5821500304999998,amd
2015-04-24,-0.884955752,amd
2015-05-03,-0.5,amd
2015-05-20,2.8689638855000004,amd
2015-06-11,0.36288176650000015,amd
2015-06-18,-0.4470772894999999,amd
2015-06-30,0.434961285,amd
2015-07-07,-0.833768307,amd
2015-07-14,-0.41240358433333335,amd
2015-07-21,-2.0297298673333333,amd
2015-08-03,-1.2720030230000001,amd
2015-08-25,-0.59084195,amd
2015-09-30,-1.1122448376666665,amd
2015-10-15,0.0,amd
2015-10-23,-3.7495390855000004,amd
2015-11-08,-3.931451613,amd
2015-11-17,3.358911117,amd
2015-12-01,-2.201257862,amd
2015-12-10,-1.051275659,amd
2016-01-13,0.9484329444999999,amd
2016-01-21,-1.1170212765,amd
2016-02-05,-2.228976697,amd
2016-02-20,-1.456655159,amd
2016-03-08,2.3115238605,amd
2016-03-21,0.0823901225,amd
2016-04-05,-0.8694852945,amd
2016-04-13,-0.1829548658333334,amd
2016-04-20,-0.9414219020000001,amd
2016-04-27,1.5862273530000002,amd
2016-05-04,4.545454545,amd
2016-05-12,1.0724810384999999,amd
2016-05-22,1.8907198960000002,amd
2016-05-31,-0.675675676,amd
2016-06-07,2.038503716333333,amd
2016-06-15,-0.15526087050000004,amd
2016-06-29,2.144080740666667,amd
2016-07-08,1.3482649924999999,amd
2016-07-18,1.2077294685,amd
2016-07-25,3.0909456385,amd
2016-08-13,6.358381503,amd
2016-08-22,0.62821070325,amd
2016-09-06,2.5950076935,amd
2016-09-13,-0.576368876,amd
2016-09-25,3.602484472,amd
2016-10-05,0.1628218971333333,amd
2016-10-14,2.7371951145714286,amd
2016-10-21,2.174351934,amd
2016-10-28,2.0594183435,amd
2016-11-07,0.02376922125,amd
2016-11-14,-1.2898724085,amd
2016-11-21,1.703462404,amd
2016-11-30,0.5074760857333335,amd
2016-12-08,0.08070192524999997,amd
2016-12-16,2.2704096433333336,amd
2016-12-23,1.039449158142857,amd
2016-12-30,1.3027524830000001,amd
2017-01-06,-0.21206404633333328,amd
2017-01-16,1.0783255853333333,amd
2017-01-23,0.4468097401999999,amd
2017-01-30,1.0785210156249998,amd
2017-02-06,0.8819905219999999,amd
2017-02-13,0.7204218329285714,amd
2017-02-27,0.2776719294285714,amd
2017-03-06,0.26605639183333335,amd
2017-03-13,1.4705117655000004,amd
2017-03-20,1.8406931535,amd
2017-03-27,-0.02069581462499999,amd
2017-04-03,0.4828871459090908,amd
2017-04-10,0.49619923814285716,amd
2017-04-17,0,amd
2015-02-18,-0.16161728840740738,apple
2015-02-25,-0.7575465070366971,apple
2015-03-04,-0.18435744059677425,apple
2015-03-11,-0.16972471726415095,apple
2015-03-18,0.31802955078000006,apple
2015-03-25,0.6874633219534886,apple
2015-04-01,-0.23154717370212757,apple
2015-04-08,0.6027570498901099,apple
2015-04-15,-0.2924821942833333,apple
2015-04-22,0.806353856146853,apple
2015-04-29,-0.7047744950615384,apple
2015-05-06,0.625466453214286,apple
2015-05-13,0.21542673182142863,apple
2015-05-20,-0.02646708442857138,apple
2015-05-27,-0.19968024010638297,apple
2015-06-03,1.4986437179999998,apple
2015-06-10,0.003116050433962203,apple
2015-06-17,0.42969096342857144,apple
2015-06-24,0.032937234131578924,apple
2015-07-01,-0.003604894363636323,apple
2015-07-08,-0.23808716940816307,apple
2015-07-15,0.10883133392857139,apple
2015-07-22,-0.20158287418181822,apple
2015-07-29,-0.03745114050000003,apple
2015-08-05,-0.1769564288852459,apple
2015-08-12,-0.12457424927272728,apple
2015-08-19,-0.6628693302678572,apple
2015-08-26,0.5417960988545453,apple
2015-09-02,0.5528128072083335,apple
2015-09-09,0.9570884727520002,apple
2015-09-16,-0.8417818793777776,apple
2015-09-23,0.28887316767948706,apple
2015-09-30,0.20827153056363623,apple
2015-10-07,0.12215066857894732,apple
2015-10-14,-0.20626556504838717,apple
2015-10-21,0.3797772256153846,apple
2015-10-28,0.6530693080256409,apple
2015-11-04,0.54267898975,apple
2015-11-11,0.8380352600357143,apple
2015-11-18,-0.2868289527692308,apple
2015-11-25,0.49440965526086955,apple
2015-12-02,-0.10917771186206891,apple
2015-12-09,0.03002245765957441,apple
2015-12-16,-0.09756158206818188,apple
2015-12-23,0.03265921527272726,apple
2015-12-30,-1.932566492666668,apple
2016-01-06,-0.21219776251388903,apple
2016-01-13,-0.37401770624242425,apple
2016-01-20,-0.17699987735294123,apple
2016-01-27,-0.2816347456071429,apple
2016-02-03,-0.5042910782564102,apple
2016-02-10,-0.4684475659767442,apple
2016-02-17,-2.518408900175214,apple
2016-02-24,-2.522150241830771,apple
2016-03-02,-2.1249070549433955,apple
2016-03-09,-1.5625434251454546,apple
2016-03-16,-0.6135009261190474,apple
2016-03-23,-1.010413056413793,apple
2016-03-30,-0.7489846484571429,apple
2016-04-06,-0.6518632714375002,apple
2016-04-13,-0.7302746165660378,apple
2016-04-20,-1.2169652174396548,apple
2016-04-27,-1.3742978682739726,apple
2016-05-04,-0.7600115696923079,apple
2016-05-11,-0.27191661958208957,apple
2016-05-18,0.17005498904054037,apple
2016-05-25,-0.02156020856521733,apple
2016-06-01,-0.31451169126153844,apple
2016-06-08,0.44795291428723416,apple
2016-06-15,-0.4118494736153846,apple
2016-06-22,-0.5788249796470589,apple
2016-06-29,-0.50771479,apple
2016-07-06,0.12118813532142848,apple
2016-07-13,-0.4161140443666666,apple
2016-07-20,-0.5331111756442308,apple
2016-07-27,0.21237708421296297,apple
2016-08-03,-0.37721377249206345,apple
2016-08-10,-0.28590378982352943,apple
2016-08-17,0.3215817050689655,apple
2016-08-24,-1.7769453769928056,apple
2016-08-31,-2.176466869000001,apple
2016-09-07,0.1679910099322914,apple
2016-09-14,-0.5778323801475408,apple
2016-09-21,0.02890902929629628,apple
2016-09-28,-0.010647946315789547,apple
2016-10-05,-0.3068617873857141,apple
2016-10-12,0.4460554571025642,apple
2016-10-19,0.39557723544444445,apple
2016-10-26,0.02635160006666676,apple
2016-11-02,-0.21014222888636364,apple
2016-11-09,-0.373854331152174,apple
2016-11-16,-0.32410084417021284,apple
2016-11-23,-0.26180226931818174,apple
2016-11-30,0.07725991072222224,apple
2016-12-07,-0.5791367784500001,apple
2016-12-14,-1.2016672939871795,apple
2016-12-21,-1.2044989388333331,apple
2016-12-28,-0.45315401852380965,apple
2017-01-04,-0.1240196033229166,apple
2017-01-11,-0.4865959438571428,apple
2017-01-18,-1.4008389952124998,apple
2017-01-25,-0.1841561507604168,apple
2017-02-01,0.3473566418333332,apple
2017-02-08,0.458767496818182,apple
2017-02-15,-0.205030504220339,apple
2017-02-22,0.06268900545679011,apple
2017-03-01,-0.32839934192307696,apple
2017-03-08,-0.16495065721951224,apple
2017-03-15,0.1625598396666667,apple
2017-03-22,0.22711242505263163,apple
2017-03-29,-0.05901261128571428,apple
2017-04-05,-1.5593338281917808,apple
2017-04-12,-0.013523858132530266,apple
2017-04-19,-0.7591244118799999,apple
2015-02-18,0.18554875885365857,facebook
2015-02-25,-0.08903792986153843,facebook
2015-03-04,-0.5259671532249999,facebook
2015-03-11,-0.9161231024315791,facebook
2015-03-18,0.0020185390704225543,facebook
2015-03-25,0.4134113107114094,facebook
2015-04-01,-0.05875293462499994,facebook
2015-04-08,-0.26513269708928566,facebook
2015-04-15,0.23854339455172416,facebook
2015-04-22,0.46395865604477615,facebook
2015-04-29,0.2681096149523808,facebook
2015-05-06,-0.38447781705813966,facebook
2015-05-13,0.1543525409166667,facebook
2015-05-20,-0.2583713116923077,facebook
2015-05-27,-0.08291179401886789,facebook
2015-06-03,-0.1268548191578948,facebook
2015-06-10,0.3697642862247191,facebook
2015-06-17,0.6467241635842697,facebook
2015-06-24,0.9164485093085109,facebook
2015-07-01,-0.03556990861764703,facebook
2015-07-08,0.0074895516808511095,facebook
2015-07-15,-0.13739367926229498,facebook
2015-07-22,0.04667750486111112,facebook
2015-07-29,0.8806852771085711,facebook
2015-08-05,0.3256716275227273,facebook
2015-08-12,0.09125104925974027,facebook
2015-08-19,-0.44783604707692304,facebook
2015-08-26,-0.09786836012500008,facebook
2015-09-02,-0.2043105888358208,facebook
2015-09-09,-0.15543494491525423,facebook
2015-09-16,0.19178836341772149,facebook
2015-09-23,0.4310561165476191,facebook
2015-09-30,0.09609248998181821,facebook
2015-10-07,0.23814973639062498,facebook
2015-10-14,-0.41761372069333336,facebook
2015-10-22,0.40327641520270274,facebook
2015-10-29,0.7534752653505157,facebook
2015-11-05,0.7732551937954539,facebook
2015-11-12,-0.8646778495478264,facebook
2015-11-19,-0.06072512396551713,facebook
2015-11-26,0.7871755763846158,facebook
2015-12-03,0.2118242795531916,facebook
2015-12-10,-0.20201976823333326,facebook
2015-12-17,-0.040291331754385894,facebook
2015-12-24,0.3182466487708333,facebook
2015-12-31,0.15534441533333335,facebook
2016-01-07,0.6345464928888889,facebook
2016-01-14,-0.6641718785263158,facebook
2016-01-21,0.7593863938918921,facebook
2016-01-28,0.4905975626491231,facebook
2016-02-04,0.4477147351647059,facebook
2016-02-11,0.10407557990476193,facebook
2016-02-18,0.26375055195180724,facebook
2016-02-25,-0.6449319531219514,facebook
2016-03-03,-0.5971828947840913,facebook
2016-03-10,0.18607969207843134,facebook
2016-03-17,-0.16718041484090904,facebook
2016-03-24,-0.3293959535283019,facebook
2016-03-31,-0.02654225651282051,facebook
2016-04-07,0.3995859328707483,facebook
2016-04-14,1.2108023275915492,facebook
2016-04-21,0.7079195996694915,facebook
2016-04-28,0.10966471810389625,facebook
2016-05-05,-1.3894331384824568,facebook
2016-05-12,-0.9745737176021512,facebook
2016-05-19,-0.4676318576404496,facebook
2016-05-26,-0.9798201520238095,facebook
2016-06-02,0.05049320994382028,facebook
2016-06-09,-0.28496343275280894,facebook
2016-06-16,-0.10601485372413795,facebook
2016-06-23,0.06373319667045448,facebook
2016-06-30,-0.7618292557428574,facebook
2016-07-07,-1.3815288164545463,facebook
2016-07-14,-0.5451578801428574,facebook
2016-07-21,0.7325614140078741,facebook
2016-07-28,0.14543667218978118,facebook
2016-08-04,-0.4825414799662921,facebook
2016-08-11,-0.6219019211607141,facebook
2016-08-18,0.05903104753333343,facebook
2016-08-25,-0.8156365175530303,facebook
2016-09-01,-0.4340389087118644,facebook
2016-09-08,-0.9668175267177416,facebook
2016-09-15,0.29321890707547177,facebook
2016-09-22,-0.3535693378160919,facebook
2016-09-29,0.11613030283132525,facebook
2016-10-06,-0.05733784475238096,facebook
2016-10-13,1.1045386308624996,facebook
2016-10-20,-0.1912483157288136,facebook
2016-10-27,-0.3450078419683548,facebook
2016-11-03,-0.674698338948387,facebook
2016-11-10,-1.676104327013985,facebook
2016-11-17,-0.8894453879166665,facebook
2016-11-24,-0.8389227036666668,facebook
2016-12-01,-0.6501428483048782,facebook
2016-12-08,-0.09313953074999998,facebook
2016-12-15,-1.777638659715384,facebook
2016-12-22,-0.6193038214634148,facebook
2016-12-29,0.39648938242857146,facebook
2017-01-05,-0.5977811661445782,facebook
2017-01-12,-0.8570422837395837,facebook
2017-01-19,-0.6493792548055555,facebook
2017-01-26,0.20053019659589044,facebook
2017-02-02,-0.8286247606890248,facebook
2017-02-09,-0.09105463766666665,facebook
2017-02-16,-0.027787457597402445,facebook
2017-02-23,-0.8442552939294117,facebook
2017-03-02,-1.4784057544999996,facebook
2017-03-09,-0.654787371,facebook
2017-03-16,-0.7721746409500001,facebook
2017-03-23,-0.12812101872972984,facebook
2017-03-30,-1.1689405987714283,facebook
2017-04-06,0.21632093141666675,facebook
2017-04-13,-1.2963180569189199,facebook
2017-04-20,0.4976299691428571,facebook
2015-02-18,-0.6199337993636365,google
2015-02-25,0.15624607482162184,google
2015-03-04,0.3691496905526316,google
2015-03-11,0.1210640718951613,google
2015-03-18,-0.1492894175932203,google
2015-03-25,0.16602770799295782,google
2015-04-01,-0.6291049952307693,google
2015-04-08,0.11217098985526325,google
2015-04-15,-1.0790605583448283,google
2015-04-22,0.1036304141320755,google
2015-04-29,0.42281689635869574,google
2015-05-06,0.1216144134741379,google
2015-05-13,0.15175896625179855,google
2015-05-20,0.34225107991666665,google
2015-05-27,0.6522854183125,google
2015-06-03,0.02365766560162603,google
2015-06-10,0.09819437921014491,google
2015-06-17,0.4822274259924241,google
2015-06-24,0.20193202818691583,google
2015-07-01,-0.14899124220312485,google
2015-07-08,0.09202351594565227,google
2015-07-15,0.4930059713846153,google
2015-07-22,0.5252869287314816,google
2015-07-29,0.10476868561458337,google
2015-08-05,0.39971380155660363,google
2015-08-12,0.45828283408666665,google
2015-08-19,0.5769222751030928,google
2015-08-26,-0.5818439961811024,google
2015-09-02,0.7321916967115386,google
2015-09-09,0.2712733389439253,google
2015-09-16,-0.24789139414414416,google
2015-09-23,0.7217231355038168,google
2015-09-30,0.6298392181016949,google
2015-10-07,1.0463501593815792,google
2015-10-14,0.9275177068611109,google
2015-10-21,0.5358275777600005,google
2015-10-28,0.7838386210249999,google
2015-11-04,0.34154231225974035,google
2015-11-11,0.35833584435999993,google
2015-11-18,0.7518916460094339,google
2015-11-25,0.008686392648148156,google
2015-12-02,0.7860279878108111,google
2015-12-09,0.8286531542758624,google
2015-12-16,0.41629622546341444,google
2015-12-23,1.0140317090526316,google
2015-12-30,0.594389153181818,google
2016-01-06,0.5688102607567568,google
2016-01-13,0.03551625868749995,google
2016-01-20,-0.4560892226941175,google
2016-01-27,-0.6295813070163934,google
2016-02-03,0.8222898718125,google
2016-02-10,-1.0943677648409087,google
2016-02-17,-0.07907346788607619,google
2016-02-24,-0.6050398092190475,google
2016-03-02,0.2391064649,google
2016-03-09,0.5793436116210524,google
2016-03-16,0.5636309293188404,google
2016-03-23,-0.18127505418556691,google
2016-03-30,-0.8928186658399998,google
2016-04-06,-0.09105575620000003,google
2016-04-13,-0.890431109671233,google
2016-04-20,-0.12361234981410256,google
2016-04-27,0.39255562298876395,google
2016-05-04,0.13202118314606748,google
2016-05-11,-0.8479742799481482,google
2016-05-18,-0.014148558687203888,google
2016-05-25,-1.2574002532352944,google
2016-06-01,0.22963190452688184,google
2016-06-08,-0.0800097102380954,google
2016-06-15,0.7458191815147062,google
2016-06-22,0.22617481638144313,google
2016-06-29,-0.6584689158000001,google
2016-07-06,0.18314218922222228,google
2016-07-13,-0.7317252353611118,google
2016-07-20,1.1038940328194442,google
2016-07-27,0.5567892075567009,google
2016-08-03,0.38678446028571417,google
2016-08-10,-0.4868635929797979,google
2016-08-17,-0.07544672513636366,google
2016-08-24,-0.4206617307721519,google
2016-08-31,0.03718922843835611,google
2016-09-07,0.5004778005760869,google
2016-09-14,-1.2839292353548388,google
2016-09-21,0.49284528800925936,google
2016-09-28,0.06200467664324327,google
2016-10-05,0.33292577342753626,google
2016-10-12,0.17874823597590367,google
2016-10-19,0.1871590642087914,google
2016-10-26,-0.18575457568131862,google
2016-11-02,-0.6032563080833331,google
2016-11-09,-0.8684522571604935,google
2016-11-16,-0.13163086464646465,google
2016-11-23,-0.7503377425084746,google
2016-11-30,-0.14951918370833342,google
2016-12-07,0.42597746081250026,google
2016-12-14,-0.36722992384722225,google
2016-12-21,-0.006926634953488421,google
2016-12-28,0.8873064236190477,google
2017-01-04,-0.04842026938157886,google
2017-01-11,1.1297414022195122,google
2017-01-18,0.6847090373939394,google
2017-01-25,-0.08465306082692312,google
2017-02-01,-0.5781109530724637,google
2017-02-08,0.4789324529074075,google
2017-02-15,0.7072487951555557,google
2017-02-22,-0.2978060506701026,google
2017-03-01,-0.29638108057954554,google
2017-03-08,0.30638103508333325,google
2017-03-15,-0.7186663298749996,google
2017-03-22,-0.4807797796120692,google
2017-03-29,-0.06767212125806446,google
2017-04-05,-0.0980968301111112,google
2017-04-12,0.28715783193877553,google
2017-04-19,0.05195764306666664,google
2015-02-18,0.87506167845,hp
2015-02-25,0.2295910055,hp
2015-03-04,0.4933571909999999,hp
2015-03-11,-0.6172121702857144,hp
2015-03-18,0.40270490945454546,hp
2015-03-26,-0.2353624753333333,hp
2015-04-02,-0.20115695574999998,hp
2015-04-09,0.44127061500000003,hp
2015-04-20,0.3129883392,hp
2015-04-27,-0.6751194377142857,hp
2015-05-04,-4.061236211478262,hp
2015-05-11,0.6579661701999999,hp
2015-05-19,-0.17165397916666664,hp
2015-05-26,-0.6754862318571428,hp
2015-06-02,1.4109630205882355,hp
2015-06-09,-2.9923070712500004,hp
2015-06-18,1.6700632691666666,hp
2015-06-29,-0.24616014449999993,hp
2015-07-06,0.5074269010000001,hp
2015-07-13,0.9263679049999999,hp
2015-07-21,0.34234866374999995,hp
2015-07-30,0.3622461446,hp
2015-08-06,-0.6955931159090911,hp
2015-08-14,-0.1608581954736843,hp
2015-08-21,0.777823108,hp
2015-08-31,0.8195900118888889,hp
2015-09-10,-1.1591018792962964,hp
2015-09-17,0.5759630405,hp
2015-09-25,-1.2835974258000002,hp
2015-10-05,0.43067996777777773,hp
2015-10-12,-0.33129937675,hp
2015-10-19,0.5466613028,hp
2015-10-26,0.07653823790000003,hp
2015-11-02,-0.41652476620000006,hp
2015-11-10,0.4848324796,hp
2015-11-17,0.9304507793999999,hp
2015-11-24,-0.15878063974074072,hp
2015-12-01,0.8677466126666668,hp
2015-12-11,1.1607408374000001,hp
2015-12-21,0.38268698266666673,hp
2016-01-05,1.144595142,hp
2016-01-12,2.3695054349999998,hp
2016-01-19,1.9907449970000002,hp
2016-01-28,1.1115836448,hp
2016-02-05,0.09791066183333334,hp
2016-02-12,-1.5400250366666668,hp
2016-02-21,0.13736527670370385,hp
2016-02-28,0.7767186451578949,hp
2016-03-06,0.8417386858,hp
2016-03-14,0.921496428,hp
2016-03-22,0.18429299350000006,hp
2016-03-29,1.7482743971249999,hp
2016-04-05,0.04240391746153838,hp
2016-04-12,4.0843759948,hp
2016-04-19,0.3499836585,hp
2016-05-05,-0.578132173,hp
2016-05-17,1.7809309303076926,hp
2016-05-24,0.11714516725000004,hp
2016-05-31,0.802370494764706,hp
2016-06-07,1.4448287266666666,hp
2016-06-14,0.8002621181428572,hp
2016-06-21,0.35833932438095234,hp
2016-06-28,-0.3470308518571429,hp
2016-07-07,1.406388787,hp
2016-07-14,0.71293779225,hp
2016-07-22,0.29694582575,hp
2016-07-29,0.5676430553333333,hp
2016-08-08,-0.06082985245454555,hp
2016-08-15,1.859430373125,hp
2016-08-22,-0.040302467739130446,hp
2016-08-29,0.34213308646153845,hp
2016-09-05,-0.008894732914285702,hp
2016-09-12,1.7636574153200002,hp
2016-09-19,1.186524146846154,hp
2016-09-26,0.24934159227777775,hp
2016-10-03,0.16240050433333333,hp
2016-10-10,-0.0595835161818182,hp
2016-10-17,0.6629385707777777,hp
2016-10-24,-0.06210826250000001,hp
2016-10-31,-0.41238249099999996,hp
2016-11-07,-2.1045750161999996,hp
2016-11-14,-0.0870271125,hp
2016-11-21,0.04030359768888896,hp
2016-11-28,-0.03680329533333331,hp
2016-12-06,-0.12134099376923077,hp
2016-12-19,0.30788357450000003,hp
2016-12-27,0.8971302727500001,hp
2017-01-03,1.1766854216666667,hp
2017-01-10,0.005015267625000069,hp
2017-01-17,0.20417565500000004,hp
2017-01-24,0.11392544722222225,hp
2017-02-02,0.0736759895,hp
2017-02-09,1.2267239645555554,hp
2017-02-17,1.1050427147333335,hp
2017-02-24,0.30865436446153843,hp
2017-03-06,2.1680804124999997,hp
2017-03-13,-0.404312668,hp
2017-03-23,2.822960288,hp
2017-03-30,1.1803966185,hp
2017-04-06,0.4642619416666666,hp
2017-04-13,1.4752112065,hp
2015-02-18,2.1132944902903232,ibm
2015-02-25,0.26230174571111115,ibm
2015-03-04,0.9382909773333332,ibm
2015-03-11,1.3935282815384618,ibm
2015-03-18,0.7016202686666666,ibm
2015-03-25,0.9464287103333332,ibm
2015-04-01,0.15896799020370372,ibm
2015-04-08,2.3911512771538463,ibm
2015-04-15,0.36417531372602735,ibm
2015-04-22,0.7889521961250001,ibm
2015-04-29,-0.6361723001960785,ibm
2015-05-06,0.17473479724444455,ibm
2015-05-13,1.1106338880500002,ibm
2015-05-20,1.6384731640714283,ibm
2015-05-27,-0.12184441280769259,ibm
2015-06-03,0.44737734840000004,ibm
2015-06-10,1.0002926778799999,ibm
2015-06-18,1.0737244222727274,ibm
2015-06-25,2.3108788202,ibm
2015-07-02,0.6551384686428571,ibm
2015-07-09,1.5246548593548388,ibm
2015-07-16,0.11086468533783783,ibm
2015-07-23,-0.35733813542857146,ibm
2015-07-30,1.2293868126129033,ibm
2015-08-06,1.6962460267647057,ibm
2015-08-13,0.9911668345789474,ibm
2015-08-20,0.6503551855652173,ibm
2015-08-27,0.8748977206086955,ibm
2015-09-03,1.5084316944499996,ibm
2015-09-10,1.5033153896333336,ibm
2015-09-17,1.2520654102105264,ibm
2015-09-24,2.262256688730769,ibm
2015-10-01,1.7011300649411767,ibm
2015-10-08,2.10191469975,ibm
2015-10-15,0.3100430040222223,ibm
2015-10-22,0.6526388171052631,ibm
2015-10-29,0.804192606,ibm
2015-11-05,0.8377499654,ibm
2015-11-12,1.9132371196470586,ibm
2015-11-19,0.71130678685,ibm
2015-11-26,1.7181952193846153,ibm
2015-12-03,1.275553148807692,ibm
2015-12-10,1.4320122131764708,ibm
2015-12-17,1.2235739736666669,ibm
2015-12-24,1.1827132313333333,ibm
2016-01-03,1.7008197380454546,ibm
2016-01-11,1.7271636492499993,ibm
2016-01-18,0.07015082043548389,ibm
2016-01-25,0.9262072075833332,ibm
2016-02-01,1.6439641740689654,ibm
2016-02-08,0.6256792097999999,ibm
2016-02-15,1.6735620885151512,ibm
2016-02-22,1.8850949713846155,ibm
2016-02-29,-0.05593863313513512,ibm
2016-03-07,2.109485206043478,ibm
2016-03-14,0.5471843017272728,ibm
2016-03-21,0.5181861019166666,ibm
2016-03-28,1.9137754010666665,ibm
2016-04-04,2.13963613390625,ibm
2016-04-11,0.6103221464545454,ibm
2016-04-18,0.21350818588750003,ibm
2016-04-25,0.563489565923077,ibm
2016-05-02,0.9054723316153844,ibm
2016-05-09,0.30415308509523814,ibm
2016-05-16,0.5698386181724138,ibm
2016-05-23,0.7675046303600002,ibm
2016-05-31,0.4931003654074073,ibm
2016-06-07,2.26060069875,ibm
2016-06-14,-0.2369288458571428,ibm
2016-06-21,1.847223818461538,ibm
2016-06-28,1.377871615409091,ibm
2016-07-05,1.1741675114285715,ibm
2016-07-12,1.0524094882333332,ibm
2016-07-19,1.3018079308367345,ibm
2016-07-26,0.8281764800000001,ibm
2016-08-02,0.4245238792105263,ibm
2016-08-09,0.20154923368965516,ibm
2016-08-16,1.436491250470588,ibm
2016-08-23,1.257828205,ibm
2016-08-30,1.535874834777778,ibm
2016-09-06,0.7479845009166667,ibm
2016-09-13,1.0310392274705882,ibm
2016-09-20,1.5632852483846151,ibm
2016-09-27,1.5139470716304348,ibm
2016-10-04,0.9973315466842105,ibm
2016-10-11,1.1798618886792456,ibm
2016-10-18,1.5484010292391304,ibm
2016-10-25,1.0791121672407404,ibm
2016-11-01,1.2672793534761904,ibm
2016-11-08,1.0919774732258063,ibm
2016-11-15,1.8480042945909092,ibm
2016-11-22,1.3556843227586204,ibm
2016-11-29,1.0818590881388888,ibm
2016-12-06,0.9321721646666666,ibm
2016-12-13,1.124704537514286,ibm
2016-12-20,0.74350220825,ibm
2016-12-27,0.6858538037692308,ibm
2017-01-03,1.108423325527778,ibm
2017-01-10,1.115656588638889,ibm
2017-01-17,0.8190734540000002,ibm
2017-01-24,1.4523424730333332,ibm
2017-01-31,0.7959751103750001,ibm
2017-02-07,0.5005490103913044,ibm
2017-02-14,2.8808162738571426,ibm
2017-02-21,2.773535704535714,ibm
2017-02-28,1.4266575109285715,ibm
2017-03-07,1.177051754019231,ibm
2017-03-14,1.4614149008269233,ibm
2017-03-21,1.4616453996333334,ibm
2017-03-28,1.9917796981851854,ibm
2017-04-04,2.4876069853750002,ibm
2017-04-11,1.5611169963999998,ibm
2017-04-18,0.6034985625050505,ibm
2015-02-18,-0.20696683858333334,intel
2015-02-25,0.2833679237142857,intel
2015-03-04,3.0324954324999998,intel
2015-03-11,0.09366408202439008,intel
2015-03-18,1.0945429661714279,intel
2015-03-25,0.002123973791666687,intel
2015-04-01,1.3633582483870965,intel
2015-04-08,0.11687904389041102,intel
2015-04-15,0.38047988759090906,intel
2015-04-22,0.9969304156000001,intel
2015-04-29,-0.18203536735999978,intel
2015-05-06,0.05453394713333331,intel
2015-05-13,0.40038700361290325,intel
2015-05-20,1.5485444945,intel
2015-05-27,0.6807442958499997,intel
2015-06-03,0.7545838945128205,intel
2015-06-10,0.37214037930000005,intel
2015-06-17,0.03648414033333337,intel
2015-06-25,0.2741505721666666,intel
2015-07-02,0.1972154641999999,intel
2015-07-09,0.21710794804878059,intel
2015-07-16,0.009964217641509326,intel
2015-07-23,0.4188814382592593,intel
2015-07-30,0.703245591368421,intel
2015-08-06,0.27332979999999996,intel
2015-08-13,1.4965807969000002,intel
2015-08-20,1.265656332818182,intel
2015-08-27,0.9045103916666667,intel
2015-09-03,1.3125244552380952,intel
2015-09-10,1.095712520347826,intel
2015-09-17,1.4181785130526314,intel
2015-09-24,0.7502822508571428,intel
2015-10-01,1.0494160790000004,intel
2015-10-08,0.2501465628983051,intel
2015-10-15,0.606430980074074,intel
2015-10-23,1.5169790025555556,intel
2015-10-30,1.3566109110357145,intel
2015-11-06,1.0053293875,intel
2015-11-13,0.5543721551818184,intel
2015-11-20,0.5628019896857143,intel
2015-11-27,1.3239202765,intel
2015-12-04,0.78493021275,intel
2015-12-13,0.5921336429,intel
2015-12-21,1.3127677815714287,intel
2015-12-28,0.5479748274999999,intel
2016-01-04,0.9397621844666669,intel
2016-01-11,0.20865843977011495,intel
2016-01-18,0.3069596065185185,intel
2016-01-25,0.6542113575333333,intel
2016-02-01,1.031414552714286,intel
2016-02-08,0.12760038593333334,intel
2016-02-15,1.0547718296666668,intel
2016-02-22,0.24269264485714287,intel
2016-02-29,0.30216349265217396,intel
2016-03-07,1.4082548231612906,intel
2016-03-14,1.0027282652692309,intel
2016-03-21,-0.3915130412173912,intel
2016-03-28,1.3252316644736843,intel
2016-04-04,-0.3357624462777779,intel
2016-04-11,1.0531681752941175,intel
2016-04-18,-0.09091439091666668,intel
2016-04-25,-0.2685842604,intel
2016-05-02,-0.45318575123809524,intel
2016-05-09,1.4656781205714287,intel
2016-05-16,0.9588162233684209,intel
2016-05-23,1.46075488768,intel
2016-05-31,0.42654872396153853,intel
2016-06-07,0.5335308893714288,intel
2016-06-14,0.8849182673529412,intel
2016-06-21,-0.03965321037037035,intel
2016-06-28,0.6596139658888891,intel
2016-07-05,0.7788633538947367,intel
2016-07-12,0.9292622745172414,intel
2016-07-19,0.5583042424313727,intel
2016-07-26,1.0401481756250002,intel
2016-08-02,-0.5647646636363637,intel
2016-08-09,1.0252384497931037,intel
2016-08-16,0.7636211855294116,intel
2016-08-23,1.3816533120434786,intel
2016-08-30,0.57479505944,intel
2016-09-06,0.34558881773333333,intel
2016-09-13,0.7099933960588235,intel
2016-09-20,1.9325302756956522,intel
2016-09-27,1.5966955673499998,intel
2016-10-04,1.2565521819999999,intel
2016-10-11,1.5854289334782605,intel
2016-10-18,0.0765720790128205,intel
2016-10-25,0.6303094810833335,intel
2016-11-01,1.3151977619285713,intel
2016-11-08,0.5160484756666666,intel
2016-11-15,1.4165535335999997,intel
2016-11-22,0.6979440513888888,intel
2016-11-29,0.7785493536500002,intel
2016-12-06,0.7555986650909091,intel
2016-12-13,0.5835260122608694,intel
2016-12-20,0.6516643990909091,intel
2016-12-27,1.7699363148,intel
2017-01-03,1.0424227766,intel
2017-01-10,0.9543721521538461,intel
2017-01-17,1.1374917512857143,intel
2017-01-24,0.9955533094727268,intel
2017-01-31,-0.044235526833333344,intel
2017-02-07,0.5593104929117648,intel
2017-02-14,0.5925468625384613,intel
2017-02-21,1.1115766380333334,intel
2017-02-28,0.8653232156666666,intel
2017-03-07,0.4844530509999998,intel
2017-03-14,0.6287721457023809,intel
2017-03-21,0.5164705239545455,intel
2017-03-28,0.81435091478125,intel
2017-04-04,-0.7694847846111111,intel
2017-04-11,0.14226495087499993,intel
2017-04-18,0.878061023,intel
2015-02-18,-0.6966704673333334,micron
2015-02-26,0.9818649345,micron
2015-03-12,0.24581190366666664,micron
2015-03-19,-0.8595898765000001,micron
2015-03-27,0.65718334075,micron
2015-04-04,1.3971916098,micron
2015-04-14,0.5618776965000001,micron
2015-04-22,0.3194549361666666,micron
2015-05-01,1.05126403,micron
2015-05-11,0.141242938,micron
2015-05-18,0.8100323450000001,micron
2015-05-30,1.6755172333333335,micron
2015-06-07,0.270010692,micron
2015-06-15,-1.1009318206666665,micron
2015-06-22,-0.0009761965714286193,micron
2015-06-29,0.3279480746666667,micron
2015-07-07,0.5869999385,micron
2015-07-14,-0.6320734570704225,micron
2015-07-21,-1.0012527730666667,micron
2015-07-28,0.28622356354545464,micron
2015-08-04,0.7605276285714285,micron
2015-08-12,-0.84804018225,micron
2015-08-19,-0.7258275744,micron
2015-08-28,-2.057063260375,micron
2015-09-04,1.032741879,micron
2015-09-11,0.44462278975,micron
2015-09-19,-0.33807989520000004,micron
2015-09-29,-0.18890475923076921,micron
2015-10-06,0.451145709,micron
2015-10-14,1.563313835,micron
2015-10-28,-1.1015521856666668,micron
2015-11-10,-0.5899819350000001,micron
2015-11-17,-0.3353140255,micron
2015-12-14,0.7173729554166667,micron
2015-12-21,0.12401122508333329,micron
2015-12-28,-0.8542052413333333,micron
2016-01-04,0.41164161688888895,micron
2016-01-13,0.3923138104999999,micron
2016-01-20,-0.09423129400000001,micron
2016-02-01,1.0503257415,micron
2016-02-20,-0.142247511,micron
2016-03-01,-1.5859288933333333,micron
2016-03-08,-1.29648739675,micron
2016-03-15,0.08261105049999995,micron
2016-03-25,-1.1166698937600001,micron
2016-04-01,-2.1465990597499998,micron
2016-04-13,-1.44094273225,micron
2016-04-26,-1.358263434,micron
2016-05-10,-1.606903561,micron
2016-05-18,0.566907167,micron
2016-05-25,0.06136119787499997,micron
2016-06-01,-0.9536119595999999,micron
2016-06-08,0.10304941512500003,micron
2016-06-16,1.802065392,micron
2016-06-23,-0.4250396158571429,micron
2016-06-30,-1.4096595174999997,micron
2016-07-07,1.683335460333333,micron
2016-07-18,-2.3856606275,micron
2016-07-26,0.2217954813333333,micron
2016-08-03,-0.441501104,micron
2016-08-10,0.14914241566666667,micron
2016-08-22,0.48892563,micron
2016-08-29,0.69695558725,micron
2016-09-08,0.6410288138333334,micron
2016-09-15,0.5254862775714285,micron
2016-09-23,1.2965907364,micron
2016-09-30,-0.053421102954545406,micron
2016-10-09,0.23555464580000005,micron
2016-10-21,-0.65550264075,micron
2016-10-28,0.228031,micron
2016-11-04,-0.3099415205,micron
2016-11-14,0.2851362023333333,micron
2016-11-22,-0.6722066195,micron
2016-11-29,0.3107038617500001,micron
2016-12-06,1.3222110040000001,micron
2016-12-13,0.03879556199999996,micron
2016-12-20,1.3699792078064523,micron
2016-12-27,0.45592374412500003,micron
2017-01-03,-1.0925177626666667,micron
2017-01-14,0.9704437981428572,micron
2017-01-25,1.288475976,micron
2017-02-02,0.2151316538666667,micron
2017-02-10,0.06883174828571427,micron
2017-02-17,1.1495711516,micron
2017-02-27,2.1737573315714287,micron
2017-03-07,1.357040287,micron
2017-03-14,1.5164473630666668,micron
2017-03-21,1.063914247913044,micron
2017-03-28,1.6651371932999997,micron
2017-04-06,1.3297447387142858,micron
2017-04-13,1.1216980095555558,micron
2015-02-18,1.8751823073513505,microsoft
2015-02-25,0.43651760615999996,microsoft
2015-03-04,0.03000984933333345,microsoft
2015-03-11,0.900083611115942,microsoft
2015-03-18,0.9341310878219177,microsoft
2015-03-25,1.206603392719298,microsoft
2015-04-01,0.44892387684375007,microsoft
2015-04-08,0.7419490995,microsoft
2015-04-15,0.7561151739480518,microsoft
2015-04-22,0.7078667699555558,microsoft
2015-04-29,0.9923014054848486,microsoft
2015-05-06,0.9955355364727273,microsoft
2015-05-13,0.30263854345833335,microsoft
2015-05-20,1.2974601908809527,microsoft
2015-05-27,1.2881678290344827,microsoft
2015-06-03,1.9530931864468082,microsoft
2015-06-10,1.0087464429999997,microsoft
2015-06-17,1.0054040571449279,microsoft
2015-06-24,0.7162861814788731,microsoft
2015-07-01,1.072897506375,microsoft
2015-07-08,0.4479829791895425,microsoft
2015-07-15,1.1216729668831171,microsoft
2015-07-22,0.7198052568615384,microsoft
2015-07-29,1.1232926572105262,microsoft
2015-08-05,1.7915122657551021,microsoft
2015-08-12,1.296725834772727,microsoft
2015-08-19,0.3286688248305085,microsoft
2015-08-26,0.6006612876153847,microsoft
2015-09-02,0.9325556965166669,microsoft
2015-09-09,1.4083334372142855,microsoft
2015-09-16,0.6066312276986302,microsoft
2015-09-23,1.481253248193548,microsoft
2015-09-30,1.146996135266129,microsoft
2015-10-07,0.8721691258522728,microsoft
2015-10-14,0.7154960621690141,microsoft
2015-10-21,0.8081677362168677,microsoft
2015-10-28,1.1677426009857148,microsoft
2015-11-04,1.3211452069999998,microsoft
2015-11-11,0.9186296388732393,microsoft
2015-11-18,1.0744447622727273,microsoft
2015-11-25,0.5332798982826086,microsoft
2015-12-02,0.8495917084393937,microsoft
2015-12-09,0.8585756175333334,microsoft
2015-12-16,1.0543052949642855,microsoft
2015-12-23,0.079071239,microsoft
2015-12-30,-0.8019695795102046,microsoft
2016-01-06,1.4173031983404258,microsoft
2016-01-13,0.690038952603448,microsoft
2016-01-20,1.1731653519387761,microsoft
2016-01-27,0.9938227136574072,microsoft
2016-02-03,1.1521768436909092,microsoft
2016-02-10,1.7073823913214288,microsoft
2016-02-17,0.9212209897878788,microsoft
2016-02-24,1.3111415377777775,microsoft
2016-03-02,0.9642694167368417,microsoft
2016-03-09,1.2339806388043477,microsoft
2016-03-16,1.3895121281111111,microsoft
2016-03-23,-0.2240087329848486,microsoft
2016-03-30,1.3441175031519998,microsoft
2016-04-06,1.3325651418909092,microsoft
2016-04-13,-0.05970717523809545,microsoft
2016-04-20,0.44928166934351144,microsoft
2016-04-27,1.0908774788333335,microsoft
2016-05-04,0.7234094917777775,microsoft
2016-05-11,1.16509057972973,microsoft
2016-05-18,0.9529055351964287,microsoft
2016-05-25,0.3963275437011494,microsoft
2016-06-01,1.0991352906065575,microsoft
2016-06-08,0.30924072895959587,microsoft
2016-06-15,0.8337047296226415,microsoft
2016-06-22,1.1502627566874997,microsoft
2016-06-29,1.607173632734694,microsoft
2016-07-06,1.5904017079462374,microsoft
2016-07-13,1.0316368187478258,microsoft
2016-07-20,1.0230987201830986,microsoft
2016-07-27,0.2513346851964286,microsoft
2016-08-03,1.403752318536585,microsoft
2016-08-10,1.6039848714666667,microsoft
2016-08-17,1.951455824456522,microsoft
2016-08-24,0.7192311618787878,microsoft
2016-08-31,0.9111848324651166,microsoft
2016-09-07,1.3259560826862742,microsoft
2016-09-14,1.084418725888889,microsoft
2016-09-21,1.8381366797887324,microsoft
2016-09-28,0.5721600806904761,microsoft
2016-10-05,1.2520700059375003,microsoft
2016-10-12,1.256843706425532,microsoft
2016-10-19,0.8366748059060405,microsoft
2016-10-26,0.5080104524711537,microsoft
2016-11-02,0.8854931194492751,microsoft
2016-11-09,1.3647233851086957,microsoft
2016-11-16,0.7073237939500002,microsoft
2016-11-23,0.8410484655957446,microsoft
2016-11-30,1.2905477575384618,microsoft
2016-12-07,1.5857676217424241,microsoft
2016-12-14,1.1432833395476192,microsoft
2016-12-21,1.4754965721428572,microsoft
2016-12-28,1.1733349008333331,microsoft
2017-01-04,1.6868160253103452,microsoft
2017-01-11,1.6122441024166665,microsoft
2017-01-18,0.8089297760731711,microsoft
2017-01-25,1.0346486403582087,microsoft
2017-02-01,0.7480292178444445,microsoft
2017-02-08,0.8390941675098036,microsoft
2017-02-15,1.8118188888648652,microsoft
2017-02-22,1.1144669645000003,microsoft
2017-03-01,1.1098014460701753,microsoft
2017-03-08,1.1774396830617282,microsoft
2017-03-15,0.5351730669444444,microsoft
2017-03-22,2.1285713853243244,microsoft
2017-03-29,1.3790746058695655,microsoft
2017-04-05,1.2973008675211268,microsoft
2017-04-12,1.1386322301153846,microsoft
2017-04-19,0.9753571067692306,microsoft
2015-02-18,0.4449155188095236,netflix
2015-02-25,0.6884269838387098,netflix
2015-03-04,0.8143928376000003,netflix
2015-03-11,-0.5803168163,netflix
2015-03-18,0.5058544852727273,netflix
2015-03-25,0.5278283462857143,netflix
2015-04-01,0.13210670061904764,netflix
2015-04-08,0.9215973803125,netflix
2015-04-15,0.8503112349699998,netflix
2015-04-22,0.21597439999999996,netflix
2015-04-29,0.4600937415454543,netflix
2015-05-06,0.17416860214285707,netflix
2015-05-13,-0.06698927148837214,netflix
2015-05-20,0.6692495880434784,netflix
2015-05-27,1.3382870983157893,netflix
2015-06-03,-0.06857171945945946,netflix
2015-06-10,0.8540311097021275,netflix
2015-06-17,0.17431666523333333,netflix
2015-06-24,-0.10446025874576279,netflix
2015-07-01,0.4343329855357145,netflix
2015-07-08,0.723934707547619,netflix
2015-07-15,0.40287818992682933,netflix
2015-07-22,0.09990091185365856,netflix
2015-07-29,0.7003416210000002,netflix
2015-08-05,1.1785583222280704,netflix
2015-08-12,0.7743850039411765,netflix
2015-08-19,-1.1585634564545455,netflix
2015-08-26,0.25648325219178086,netflix
2015-09-02,-0.4525651329285713,netflix
2015-09-09,0.0876603105999999,netflix
2015-09-16,0.6637869554117647,netflix
2015-09-23,0.0926434113818182,netflix
2015-09-30,0.711050755,netflix
2015-10-07,0.40093714393023244,netflix
2015-10-14,0.05724752191011234,netflix
2015-10-23,0.2606167058846154,netflix
2015-10-30,0.3355072991666667,netflix
2015-11-06,0.6457364537222223,netflix
2015-11-13,-0.2175147712857143,netflix
2015-11-20,0.2709617287647059,netflix
2015-11-27,0.5466779625333335,netflix
2015-12-04,1.0448453589999998,netflix
2015-12-11,1.0305603361481483,netflix
2015-12-18,-0.18216786179166666,netflix
2015-12-25,0.17923159237499997,netflix
2016-01-01,0.41785183443283574,netflix
2016-01-08,0.7475301609636364,netflix
2016-01-15,0.08643261308823535,netflix
2016-01-22,-0.14787202728571425,netflix
2016-01-29,0.19009477158620688,netflix
2016-02-05,0.3142214274166666,netflix
2016-02-12,-0.12483119607692303,netflix
2016-02-19,0.5276589799411765,netflix
2016-02-26,0.27214236926666663,netflix
2016-03-04,-0.19596017072727265,netflix
2016-03-11,0.3979937156842106,netflix
2016-03-18,0.5550968850000001,netflix
2016-03-25,-0.36196800611999996,netflix
2016-04-01,-0.24761131656521745,netflix
2016-04-08,0.37213708312121213,netflix
2016-04-15,-0.23853901777500003,netflix
2016-04-22,-0.4580205267777779,netflix
2016-04-29,1.083615588903226,netflix
2016-05-06,-0.7944239854814815,netflix
2016-05-13,-0.05589679515384616,netflix
2016-05-20,0.3814217475306122,netflix
2016-05-27,-0.6407444127826089,netflix
2016-06-03,0.21875569121428548,netflix
2016-06-10,0.2839068332564102,netflix
2016-06-17,0.09533992839473689,netflix
2016-06-24,-0.3693543123529412,netflix
2016-07-01,0.5233225352205885,netflix
2016-07-08,-0.039423045489361735,netflix
2016-07-15,-0.19633357195774645,netflix
2016-07-22,-0.0009116590188679645,netflix
2016-07-29,0.23729399848780497,netflix
2016-08-05,-0.1274503321627907,netflix
2016-08-12,0.0505570508461538,netflix
2016-08-19,0.13113034889473682,netflix
2016-08-26,0.2986964125813954,netflix
2016-09-02,-0.24127987316,netflix
2016-09-09,0.2765616627954545,netflix
2016-09-16,-0.7412388191818183,netflix
2016-09-23,0.3152642039393939,netflix
2016-09-30,-0.354991171015625,netflix
2016-10-07,0.43605009203571443,netflix
2016-10-14,0.05871763153676475,netflix
2016-10-21,0.3750855676166666,netflix
2016-10-28,0.550354531047619,netflix
2016-11-04,0.6019645965,netflix
2016-11-12,0.0977992854400001,netflix
2016-11-19,1.3593019961515151,netflix
2016-11-28,0.8097415191282054,netflix
2016-12-05,0.12980435221874997,netflix
2016-12-12,0.5495385123783784,netflix
2016-12-19,0.4031934285909092,netflix
2016-12-26,0.49156234983333325,netflix
2017-01-02,0.29090591487999995,netflix
2017-01-09,1.3159599099999997,netflix
2017-01-16,1.109764353439717,netflix
2017-01-23,0.7101716407692307,netflix
2017-01-30,-0.33980063192857146,netflix
2017-02-06,0.1990050799387756,netflix
2017-02-13,0.0021939375294118563,netflix
2017-02-21,1.0848878721142856,netflix
2017-02-28,1.1345072949047623,netflix
2017-03-07,0.04125041514583333,netflix
2017-03-14,0.31132539003921567,netflix
2017-03-21,0.07009104033333327,netflix
2017-03-28,0.8298493455714286,netflix
2017-04-04,0.6880535564444444,netflix
2017-04-11,0.2941174229375,netflix
2017-04-18,0.5584052401866667,netflix
2015-02-18,2.022964667,nvidia
2015-02-25,1.4485927206666667,nvidia
2015-03-04,3.8014428764545447,nvidia
2015-03-11,2.5136108626,nvidia
2015-03-18,1.725644406111111,nvidia
2015-03-25,0.16639913325000005,nvidia
2015-04-04,0.41006665820000004,nvidia
2015-04-12,-0.316289816,nvidia
2015-04-23,1.1808395669999998,nvidia
2015-05-01,0.44667458995000003,nvidia
2015-05-08,0.6531034909411765,nvidia
2015-05-15,0.21125855718181816,nvidia
2015-05-23,2.6863754095,nvidia
2015-05-30,1.5766854900000002,nvidia
2015-06-12,-0.62435649525,nvidia
2015-06-22,0.3489339785,nvidia
2015-07-01,2.008945764,nvidia
2015-07-14,-1.1134438145,nvidia
2015-07-23,-1.204448507,nvidia
2015-07-30,0.01979201866666664,nvidia
2015-08-06,0.5822998244,nvidia
2015-08-13,0.17899987840000003,nvidia
2015-08-23,-1.4080967338,nvidia
2015-08-31,0.3996903335,nvidia
2015-09-12,1.6493497405,nvidia
2015-09-19,0.5987138034,nvidia
2015-09-28,1.1495880827499998,nvidia
2015-10-05,1.7263084463999998,nvidia
2015-10-13,0.7173141345999998,nvidia
2015-10-20,0.6242368739999999,nvidia
2015-11-03,1.0713372732,nvidia
2015-11-10,1.591688060636364,nvidia
2015-11-17,3.0836652275,nvidia
2015-11-25,0.9192253836666667,nvidia
2015-12-02,2.78064981575,nvidia
2015-12-10,-0.20237698499999973,nvidia
2015-12-22,0.10904408066666685,nvidia
2015-12-30,1.018489228,nvidia
2016-01-06,0.811876227,nvidia
2016-01-13,1.6640900462857144,nvidia
2016-01-20,0.26705415425,nvidia
2016-01-31,-1.8395327396666667,nvidia
2016-02-08,-0.1614962063333333,nvidia
2016-02-15,1.6846635069047617,nvidia
2016-02-22,1.1222957308571428,nvidia
2016-03-02,0.390335245,nvidia
2016-03-15,2.2322033048,nvidia
2016-03-23,1.6459763641999998,nvidia
2016-03-30,1.8850532395714288,nvidia
2016-04-06,0.5481295054166666,nvidia
2016-04-13,2.040194472,nvidia
2016-04-20,1.1083862070000001,nvidia
2016-04-30,-2.7838197265000004,nvidia
2016-05-07,1.1638930714102567,nvidia
2016-05-14,1.1552139393599998,nvidia
2016-05-22,0.5477790253333334,nvidia
2016-05-29,1.0222035918461538,nvidia
2016-06-06,0.7750721342999999,nvidia
2016-06-13,1.3993393335,nvidia
2016-06-20,0.7988533238333333,nvidia
2016-06-27,0.029519720875000065,nvidia
2016-07-04,0.6516228930588236,nvidia
2016-07-11,1.2152421525000001,nvidia
2016-07-18,1.1218077214166666,nvidia
2016-07-25,0.31438288100000006,nvidia
2016-08-01,1.4105231158000002,nvidia
2016-08-08,1.2075176063720934,nvidia
2016-08-15,1.3163203512592592,nvidia
2016-08-22,1.1039616958125,nvidia
2016-08-31,1.1061489966875,nvidia
2016-09-07,1.844709674142857,nvidia
2016-09-14,0.7660054544615384,nvidia
2016-09-21,1.2554866087777778,nvidia
2016-09-28,1.8393264975,nvidia
2016-10-05,0.5482930147777778,nvidia
2016-10-12,-0.12457071,nvidia
2016-10-20,1.1841134753636362,nvidia
2016-10-27,0.41632685433333333,nvidia
2016-11-04,2.1762630936,nvidia
2016-11-11,1.0535572427142859,nvidia
2016-11-18,1.4595755602941176,nvidia
2016-11-25,1.1628325785,nvidia
2016-12-02,1.4520611835,nvidia
2016-12-09,1.5435645886363631,nvidia
2016-12-16,1.308539417631579,nvidia
2016-12-23,0.2093928981578947,nvidia
2016-12-30,1.1783494205714287,nvidia
2017-01-06,1.59793411272,nvidia
2017-01-13,0.8986859385000002,nvidia
2017-01-20,0.37455499937500003,nvidia
2017-01-27,-0.14461227341666663,nvidia
2017-02-03,0.9283161036129032,nvidia
2017-02-10,0.7507764991081081,nvidia
2017-02-17,0.5634461296666665,nvidia
2017-02-24,0.052479631782608664,nvidia
2017-03-03,1.3105220075806454,nvidia
2017-03-10,0.7894727870909093,nvidia
2017-03-17,0.5451846141999999,nvidia
2017-03-24,1.2189893741875,nvidia
2017-03-31,-0.5340229041612903,nvidia
2017-04-07,0.3985225566111111,nvidia
2017-04-15,0.5800247655833334,nvidia
2015-02-18,0.05369056783333329,twitter
2015-02-25,-2.3243104808536588,twitter
2015-03-04,-0.31203220241463403,twitter
2015-03-11,0.2908116135384615,twitter
2015-03-18,-1.4389795631176472,twitter
2015-03-25,0.5583055635714285,twitter
2015-04-01,-1.6425401718235293,twitter
2015-04-08,-0.36777068886206904,twitter
2015-04-15,-1.437710712485714,twitter
2015-04-22,-0.08507570122666662,twitter
2015-04-29,-0.5243154381454543,twitter
2015-05-06,-0.6281855677142857,twitter
2015-05-13,-0.11157597359375006,twitter
2015-05-20,-0.49772980809090916,twitter
2015-05-27,-0.46190347229545436,twitter
2015-06-03,-0.09890966473999996,twitter
2015-06-10,-0.39944321970886076,twitter
2015-06-17,-0.016453462968253996,twitter
2015-06-24,0.17047524817073167,twitter
2015-07-01,0.47493970779310346,twitter
2015-07-08,-0.6753153702205884,twitter
2015-07-15,-0.2670773139677419,twitter
2015-07-22,-0.1792004826931818,twitter
2015-07-29,-0.3056575842222223,twitter
2015-08-05,-0.34880949674999956,twitter
2015-08-12,-0.3063064062083334,twitter
2015-08-19,-0.7137932902692309,twitter
2015-08-26,0.18808845632500004,twitter
2015-09-02,-0.19624275758139542,twitter
2015-09-09,0.04327865582500005,twitter
2015-09-16,0.6258337184594592,twitter
2015-09-23,-0.3500958738085106,twitter
2015-09-30,-0.4761546161984123,twitter
2015-10-07,0.06811189500000005,twitter
2015-10-14,0.2966228668356164,twitter
2015-10-22,0.5851220328250003,twitter
2015-10-29,1.3311937333333337,twitter
2015-11-05,0.5134903015217391,twitter
2015-11-12,-0.9591399429117646,twitter
2015-11-19,-0.4637560317777776,twitter
2015-11-26,-0.2688002816086956,twitter
2015-12-03,0.1887945419199999,twitter
2015-12-10,-0.28179428635714293,twitter
2015-12-17,-0.7603393709999999,twitter
2015-12-24,-0.62830358888,twitter
2015-12-31,-0.9853616121249998,twitter
2016-01-07,-1.4350996706666672,twitter
2016-01-14,-2.0900507159649124,twitter
2016-01-21,-0.6102992984583333,twitter
2016-01-28,-0.6898382733571429,twitter
2016-02-04,-1.085172464012658,twitter
2016-02-11,-0.7060775847666665,twitter
2016-02-18,-1.2756839122916672,twitter
2016-02-25,0.6377553917692308,twitter
2016-03-03,-2.966492757705883,twitter
2016-03-10,-1.1864669730312498,twitter
2016-03-17,-0.5626027590909092,twitter
2016-03-24,-1.7564701189411764,twitter
2016-03-31,0.6097452066170211,twitter
2016-04-07,-0.9654367000689656,twitter
2016-04-14,-0.23617396933333326,twitter
2016-04-21,-0.6619222682820513,twitter
2016-04-28,-0.591593549075,twitter
2016-05-05,-0.11392142963157897,twitter
2016-05-12,-0.21809594974285715,twitter
2016-05-19,0.0314019762857143,twitter
2016-05-26,-1.3817804994067793,twitter
2016-06-02,-1.476797999381818,twitter
2016-06-09,-1.1655147936741574,twitter
2016-06-16,0.9195144012499998,twitter
2016-06-23,0.6473627283333332,twitter
2016-06-30,0.34444683413953486,twitter
2016-07-07,-0.21623615785483877,twitter
2016-07-14,-1.2145084312419356,twitter
2016-07-21,-0.6909524344271841,twitter
2016-07-28,-0.2895465100227273,twitter
2016-08-04,-1.2785138750833331,twitter
2016-08-11,-1.8242669526307684,twitter
2016-08-18,-1.800969482975,twitter
2016-08-25,-1.7973955761351348,twitter
2016-09-01,-1.8412695114358975,twitter
2016-09-08,0.07448974507843124,twitter
2016-09-15,0.20539097910144916,twitter
2016-09-22,-0.48181257988888887,twitter
2016-09-29,-0.24531687734693877,twitter
2016-10-06,-0.7188273139041097,twitter
2016-10-13,-0.8176319051397849,twitter
2016-10-20,-1.7236067195921052,twitter
2016-10-27,-0.4408883168478259,twitter
2016-11-03,-1.086325270951613,twitter
2016-11-10,-2.4453413826000014,twitter
2016-11-17,-2.13968054176,twitter
2016-11-24,-1.3857684631578948,twitter
2016-12-01,-0.557428797897059,twitter
2016-12-08,-0.6995788606000001,twitter
2016-12-15,-0.6752709992820513,twitter
2016-12-22,-1.5146101442352944,twitter
2016-12-29,-0.6907576248823529,twitter
2017-01-05,-1.7525533062820513,twitter
2017-01-12,-0.5075439261842106,twitter
2017-01-19,-0.07894912806060606,twitter
2017-01-26,-1.6562954786226414,twitter
2017-02-02,-1.300624250892308,twitter
2017-02-09,-0.7196310571666664,twitter
2017-02-16,-1.2733555036428574,twitter
2017-02-23,-1.4692106109814815,twitter
2017-03-02,-0.9720421709772723,twitter
2017-03-09,-1.422983334625,twitter
2017-03-16,-2.4193414579411763,twitter
2017-03-23,0.10354606144680849,twitter
2017-03-30,-0.36226512728947374,twitter
2017-04-06,-1.4844844303719016,twitter
2017-04-13,-0.052498957374999905,twitter
2017-04-20,2.887226673666666,twitter
