Date,Open,High,Low,Close,Volume
19-Apr-17,18.42,18.61,18.30,18.38,12351959
18-Apr-17,18.21,18.36,18.08,18.22,10177098
17-Apr-17,18.17,18.32,18.07,18.20,8213848
13-Apr-17,17.99,18.35,17.94,18.20,12854122
12-Apr-17,18.37,18.37,17.85,18.02,19363874
11-Apr-17,17.40,17.55,17.29,17.54,14400769
10-Apr-17,17.40,17.54,17.29,17.36,6694136
7-Apr-17,17.54,17.63,17.28,17.37,13464895
6-Apr-17,17.69,17.72,17.43,17.56,8368740
5-Apr-17,17.80,17.94,17.60,17.69,10310708
4-Apr-17,17.52,17.74,17.50,17.72,6781165
3-Apr-17,17.93,17.95,17.43,17.59,10538321
31-Mar-17,17.61,17.96,17.56,17.88,19240579
30-Mar-17,17.25,17.69,17.22,17.65,10806000
29-Mar-17,17.20,17.38,17.17,17.26,5477399
28-Mar-17,17.23,17.41,17.20,17.26,8741713
27-Mar-17,17.09,17.31,17.03,17.20,5698091
24-Mar-17,17.28,17.40,17.13,17.23,6633818
23-Mar-17,17.23,17.38,17.14,17.21,9157123
22-Mar-17,17.22,17.30,17.10,17.23,10654578
21-Mar-17,17.62,17.69,17.15,17.15,11252314
20-Mar-17,17.57,17.68,17.52,17.56,8847764
17-Mar-17,17.65,17.70,17.56,17.56,14282500
16-Mar-17,17.60,17.71,17.48,17.65,9143985
15-Mar-17,17.44,17.65,17.28,17.57,13418063
14-Mar-17,17.46,17.58,17.41,17.47,6334411
13-Mar-17,17.41,17.49,17.35,17.49,6966599
10-Mar-17,17.25,17.60,17.25,17.39,7840676
9-Mar-17,17.25,17.42,17.18,17.36,8505402
8-Mar-17,17.30,17.40,17.22,17.32,6745671
7-Mar-17,17.27,17.42,17.05,17.27,11527985
6-Mar-17,17.44,17.44,17.13,17.30,11163064
3-Mar-17,17.30,17.40,17.12,17.35,17289361
2-Mar-17,17.66,17.69,17.31,17.32,12229182
1-Mar-17,17.65,17.71,17.45,17.62,9818715
28-Feb-17,17.64,17.67,17.37,17.37,13940117
27-Feb-17,17.65,17.81,17.48,17.65,12287497
24-Feb-17,17.34,17.68,17.31,17.65,19816072
23-Feb-17,16.51,17.80,16.48,17.60,37118842
22-Feb-17,16.09,16.24,16.09,16.20,16654221
21-Feb-17,15.93,16.22,15.93,16.13,17318051
17-Feb-17,15.88,15.95,15.72,15.95,17366721
16-Feb-17,15.99,16.03,15.89,15.92,12560613
15-Feb-17,16.04,16.14,15.89,15.98,14448341
14-Feb-17,15.96,16.41,15.95,16.06,17086210
13-Feb-17,15.75,16.11,15.70,16.04,16142564
10-Feb-17,15.65,15.74,15.55,15.72,10006365
9-Feb-17,15.51,15.77,15.45,15.64,7709448
8-Feb-17,15.41,15.64,15.39,15.51,13204263
7-Feb-17,15.26,15.44,15.16,15.43,12330319
6-Feb-17,15.17,15.30,15.09,15.26,7975431
3-Feb-17,15.22,15.32,15.12,15.27,11659495
2-Feb-17,14.89,15.22,14.87,15.21,15599575
1-Feb-17,15.12,15.16,14.84,14.99,12433763
31-Jan-17,14.77,15.11,14.57,15.05,14889607
30-Jan-17,14.83,14.85,14.62,14.84,11239675
27-Jan-17,14.83,15.11,14.78,14.80,14921530
26-Jan-17,15.22,15.31,14.77,14.79,14419181
25-Jan-17,15.26,15.35,15.12,15.19,16223333
24-Jan-17,14.70,15.24,14.67,15.17,12369680
23-Jan-17,14.71,14.72,14.41,14.67,15250469
20-Jan-17,14.96,14.99,14.60,14.73,14687037
19-Jan-17,14.81,15.02,14.75,14.86,15081845
18-Jan-17,14.61,14.70,14.50,14.58,13664983
17-Jan-17,14.68,14.89,14.56,14.58,11976835
13-Jan-17,14.79,14.94,14.69,14.77,9336199
12-Jan-17,14.89,14.96,14.56,14.79,11507926
11-Jan-17,14.71,14.97,14.62,14.94,15009251
10-Jan-17,14.65,14.97,14.40,14.69,15888327
9-Jan-17,14.98,15.09,14.67,14.68,12909046
6-Jan-17,15.15,15.16,14.97,15.00,7494227
5-Jan-17,15.10,15.16,14.90,15.07,13221052
4-Jan-17,14.92,15.21,14.85,15.08,9127833
3-Jan-17,14.95,15.14,14.62,14.85,12502230
30-Dec-16,15.00,15.10,14.77,14.84,9187092
29-Dec-16,14.93,15.04,14.87,14.94,4904892
28-Dec-16,15.18,15.31,14.93,14.94,5175054
27-Dec-16,15.14,15.24,15.13,15.21,4408665
23-Dec-16,15.11,15.18,15.02,15.10,6305578
22-Dec-16,15.22,15.27,14.94,15.14,7591734
21-Dec-16,15.09,15.36,15.09,15.14,8133135
20-Dec-16,15.16,15.22,15.00,15.08,12148600
19-Dec-16,15.03,15.16,14.91,15.12,10344097
16-Dec-16,15.47,15.54,15.05,15.05,19766495
15-Dec-16,15.54,15.65,15.40,15.51,10122248
14-Dec-16,15.77,15.90,15.53,15.61,10637790
13-Dec-16,15.71,15.95,15.69,15.82,10979391
12-Dec-16,15.41,15.84,15.41,15.83,12704732
9-Dec-16,16.08,16.15,15.74,15.78,9865108
8-Dec-16,16.14,16.25,16.10,16.16,9581858
7-Dec-16,15.62,16.17,15.60,16.15,11679164
6-Dec-16,15.51,15.64,15.46,15.60,6886901
5-Dec-16,15.26,15.55,15.26,15.55,11538522
2-Dec-16,15.03,15.30,15.02,15.12,8377096
1-Dec-16,15.41,15.48,15.02,15.06,12821748
30-Nov-16,15.17,15.53,15.10,15.40,15933281
29-Nov-16,15.06,15.32,15.03,15.15,9762866
28-Nov-16,15.06,15.20,15.00,15.08,12791803
25-Nov-16,14.84,15.24,14.83,15.18,8875184
23-Nov-16,15.35,15.72,14.78,14.87,23440339
22-Nov-16,16.06,16.19,15.90,15.95,19634533
21-Nov-16,15.94,16.07,15.93,16.00,10618264
18-Nov-16,15.88,15.96,15.80,15.87,10878170
17-Nov-16,15.86,15.96,15.82,15.89,9623313
16-Nov-16,15.86,15.90,15.72,15.80,10164148
15-Nov-16,15.96,16.07,15.82,15.87,14279443
14-Nov-16,15.85,16.19,15.80,16.10,14528223
11-Nov-16,15.40,15.83,15.36,15.82,10306751
10-Nov-16,15.62,15.90,15.44,15.49,16182124
9-Nov-16,15.07,15.71,14.99,15.57,16866869
8-Nov-16,15.03,15.32,14.87,15.28,11642128
7-Nov-16,14.90,15.14,14.89,15.05,9780786
4-Nov-16,14.50,14.93,14.43,14.71,11832488
3-Nov-16,14.67,14.88,14.51,14.54,10558862
2-Nov-16,14.28,14.83,14.28,14.65,22284959
1-Nov-16,14.51,14.56,14.12,14.35,25361506
31-Oct-16,14.13,14.49,14.03,14.49,16364161
28-Oct-16,13.94,14.19,13.94,14.09,15247826
27-Oct-16,13.96,14.10,13.87,13.99,14106496
26-Oct-16,13.85,14.07,13.84,13.91,17328483
25-Oct-16,13.97,13.99,13.86,13.90,11069895
24-Oct-16,13.86,13.97,13.83,13.97,9762521
21-Oct-16,14.01,14.04,13.77,13.80,14610055
20-Oct-16,14.08,14.16,13.98,14.10,6824020
19-Oct-16,14.18,14.27,14.04,14.12,9918238
18-Oct-16,14.19,14.42,14.09,14.21,12762819
17-Oct-16,14.50,14.56,14.01,14.03,22058010
14-Oct-16,14.63,15.00,14.48,14.48,23107530
13-Oct-16,15.20,15.25,14.94,15.15,14423584
12-Oct-16,15.48,15.56,15.31,15.35,10064117
11-Oct-16,15.60,15.60,15.32,15.44,10650007
10-Oct-16,15.69,15.88,15.59,15.59,7726111
7-Oct-16,15.62,15.68,15.48,15.58,5458221
6-Oct-16,15.63,15.63,15.42,15.60,5285858
5-Oct-16,15.43,15.68,15.42,15.63,9082003
4-Oct-16,15.68,15.74,15.27,15.36,12313889
3-Oct-16,15.46,15.69,15.46,15.65,7281640
30-Sep-16,15.47,15.73,15.44,15.53,11457298
29-Sep-16,15.46,15.60,15.33,15.39,9794740
28-Sep-16,15.40,15.49,15.17,15.49,9742233
27-Sep-16,15.00,15.37,14.95,15.34,9061256
26-Sep-16,15.00,15.12,14.93,15.02,7484534
23-Sep-16,15.10,15.18,15.03,15.09,8102240
22-Sep-16,14.98,15.17,14.93,15.12,9938676
21-Sep-16,14.63,15.00,14.62,14.99,13734124
20-Sep-16,14.64,14.67,14.52,14.54,8222246
19-Sep-16,14.58,14.74,14.54,14.56,7980905
16-Sep-16,14.74,14.80,14.49,14.53,18459467
15-Sep-16,14.19,14.60,14.14,14.50,11848829
14-Sep-16,14.18,14.35,14.09,14.27,8594751
13-Sep-16,14.35,14.44,14.06,14.18,15057496
12-Sep-16,13.85,14.57,13.78,14.49,15824253
9-Sep-16,14.52,14.53,14.07,14.07,16645911
8-Sep-16,14.60,14.69,14.55,14.63,10291981
7-Sep-16,14.63,14.75,14.51,14.69,6808979
6-Sep-16,14.54,14.67,14.53,14.63,7582474
2-Sep-16,14.61,14.70,14.45,14.49,8245584
1-Sep-16,14.39,14.50,14.28,14.50,10854014
31-Aug-16,14.34,14.42,14.21,14.37,11282674
30-Aug-16,14.43,14.46,14.28,14.38,10540817
29-Aug-16,14.41,14.58,14.39,14.43,8023567
26-Aug-16,14.37,14.69,14.37,14.39,15567756
25-Aug-16,13.64,14.48,13.55,14.37,36143367
24-Aug-16,14.67,14.73,14.39,14.40,19757272
23-Aug-16,14.43,14.65,14.43,14.57,14074917
22-Aug-16,14.36,14.39,14.26,14.37,13103096
19-Aug-16,14.46,14.50,14.39,14.42,9503651
18-Aug-16,14.52,14.60,14.46,14.51,9054597
17-Aug-16,14.40,14.50,14.33,14.50,10371432
16-Aug-16,14.46,14.52,14.38,14.41,9366448
15-Aug-16,14.31,14.59,14.31,14.52,12749131
12-Aug-16,14.29,14.38,14.24,14.28,9991641
11-Aug-16,14.20,14.33,14.15,14.30,8173799
10-Aug-16,14.28,14.30,14.14,14.19,11868697
9-Aug-16,14.29,14.34,14.24,14.25,12412423
8-Aug-16,14.30,14.34,14.20,14.26,11586363
5-Aug-16,14.24,14.36,14.19,14.28,10185616
4-Aug-16,14.33,14.38,14.10,14.15,14859942
3-Aug-16,14.05,14.35,14.04,14.31,10143215
2-Aug-16,13.92,14.18,13.85,14.06,10680566
1-Aug-16,14.06,14.24,14.02,14.18,13847556
29-Jul-16,13.91,14.13,13.79,14.01,15759079
28-Jul-16,13.95,13.98,13.82,13.94,16141287
27-Jul-16,14.26,14.26,13.90,13.99,17620320
26-Jul-16,14.16,14.27,14.12,14.18,9362861
25-Jul-16,14.10,14.20,14.09,14.16,6971303
22-Jul-16,14.01,14.14,13.90,14.11,10287343
21-Jul-16,14.13,14.18,13.93,14.00,18661695
20-Jul-16,14.15,14.25,14.04,14.16,17222703
19-Jul-16,13.93,14.11,13.92,14.05,11298815
18-Jul-16,13.85,14.00,13.85,13.94,6628739
15-Jul-16,13.89,13.93,13.77,13.85,10008683
14-Jul-16,13.89,13.94,13.75,13.80,9378251
13-Jul-16,13.73,13.85,13.63,13.81,9809466
12-Jul-16,13.47,13.83,13.42,13.72,17162892
11-Jul-16,13.17,13.30,13.03,13.16,9730143
8-Jul-16,13.05,13.16,12.95,13.08,8603605
7-Jul-16,12.66,12.88,12.59,12.85,13625681
6-Jul-16,12.26,12.62,12.04,12.60,12005050
5-Jul-16,12.62,12.71,12.26,12.36,9277521
1-Jul-16,12.55,12.76,12.51,12.73,10889168
30-Jun-16,12.27,12.55,12.14,12.55,14463718
29-Jun-16,11.97,12.23,11.84,12.18,14196374
28-Jun-16,11.67,11.80,11.51,11.79,15332941
27-Jun-16,12.11,12.12,11.48,11.55,15068527
24-Jun-16,12.41,12.63,12.15,12.26,19822702
23-Jun-16,12.83,12.97,12.79,12.95,13354172
22-Jun-16,12.81,12.97,12.60,12.61,18255631
21-Jun-16,13.13,13.36,13.06,13.33,13198707
20-Jun-16,13.28,13.38,13.06,13.07,12433368
17-Jun-16,12.98,13.18,12.96,13.12,14437778
16-Jun-16,12.94,13.02,12.71,12.98,8609864
15-Jun-16,13.09,13.20,12.96,13.00,9812950
14-Jun-16,13.01,13.20,12.89,13.05,11584336
13-Jun-16,13.27,13.29,13.02,13.03,13612096
10-Jun-16,13.71,13.72,13.39,13.50,10147977
9-Jun-16,13.78,13.88,13.62,13.84,9411979
8-Jun-16,13.69,13.90,13.66,13.87,9281658
7-Jun-16,13.70,13.80,13.61,13.69,9551171
6-Jun-16,13.43,13.70,13.43,13.67,8693869
3-Jun-16,13.47,13.53,13.32,13.44,10879956
2-Jun-16,13.39,13.64,13.38,13.54,13659159
1-Jun-16,13.32,13.49,13.21,13.44,15231960
31-May-16,13.12,13.38,13.07,13.38,22009762
27-May-16,13.02,13.30,12.96,13.17,18815051
26-May-16,12.50,13.15,12.45,13.04,29823408
25-May-16,12.24,12.34,12.11,12.20,15161043
24-May-16,11.68,11.93,11.62,11.91,8793935
23-May-16,11.66,11.87,11.62,11.67,9390875
20-May-16,11.48,11.68,11.40,11.66,10409147
19-May-16,11.47,11.55,11.31,11.44,10703137
18-May-16,11.58,11.68,11.47,11.57,6997365
17-May-16,11.59,11.79,11.48,11.53,9529177
16-May-16,11.53,11.68,11.49,11.64,6107063
13-May-16,11.53,11.69,11.43,11.50,7586528
12-May-16,11.78,11.80,11.45,11.56,12098328
11-May-16,11.62,11.76,11.53,11.69,14211450
10-May-16,11.48,11.72,11.41,11.61,14925390
9-May-16,11.58,11.63,11.38,11.43,9548425
6-May-16,11.40,11.64,11.37,11.59,8438274
5-May-16,11.67,11.74,11.40,11.45,8973069
4-May-16,11.65,11.80,11.52,11.59,8670875
3-May-16,12.05,12.11,11.61,11.71,16155245
2-May-16,12.26,12.33,12.02,12.12,12001927
29-Apr-16,12.49,12.51,12.13,12.27,13491119
28-Apr-16,12.74,12.80,12.52,12.57,7970601
27-Apr-16,12.66,12.79,12.48,12.76,10285320
26-Apr-16,12.59,12.78,12.58,12.73,15669749
25-Apr-16,12.55,12.64,12.37,12.57,13874474
22-Apr-16,12.52,12.73,12.52,12.61,11610980
21-Apr-16,12.78,12.84,12.58,12.59,10997200
20-Apr-16,12.82,12.96,12.72,12.80,17071223
19-Apr-16,12.70,12.92,12.59,12.78,17730945
18-Apr-16,12.48,12.96,12.45,12.67,15576822
15-Apr-16,12.57,12.71,12.50,12.52,12475643
14-Apr-16,12.56,12.69,12.34,12.55,14139961
13-Apr-16,12.34,12.74,12.26,12.64,16026470
12-Apr-16,12.20,12.31,11.78,12.22,26936374
11-Apr-16,12.10,12.44,12.10,12.13,15955732
8-Apr-16,12.09,12.28,12.05,12.06,8256089
7-Apr-16,12.21,12.29,11.93,11.99,13942423
6-Apr-16,12.03,12.29,11.89,12.28,13010458
5-Apr-16,12.10,12.14,11.93,11.95,15454074
4-Apr-16,12.24,12.30,12.09,12.10,11094588
1-Apr-16,12.21,12.29,12.03,12.26,11917908
31-Mar-16,12.30,12.36,12.20,12.32,13803283
30-Mar-16,12.34,12.39,12.16,12.30,10775265
29-Mar-16,12.03,12.35,11.92,12.28,10721193
28-Mar-16,12.06,12.14,11.96,12.07,10558459
24-Mar-16,11.98,12.10,11.72,12.07,12084324
23-Mar-16,12.24,12.28,11.97,12.02,11969367
22-Mar-16,12.09,12.30,12.06,12.26,10903839
21-Mar-16,12.14,12.24,11.98,12.21,14433355
18-Mar-16,11.78,12.22,11.78,12.18,35381174
17-Mar-16,11.62,12.25,11.59,11.72,18154248
16-Mar-16,11.41,11.67,11.35,11.62,11652952
15-Mar-16,11.43,11.45,11.20,11.40,11307644
14-Mar-16,11.63,11.71,11.36,11.47,13585133
11-Mar-16,11.52,11.70,11.45,11.70,12790415
10-Mar-16,11.39,11.56,11.14,11.42,15901289
9-Mar-16,11.09,11.45,11.09,11.36,11880796
8-Mar-16,11.20,11.27,10.96,11.05,13024047
7-Mar-16,10.99,11.40,10.95,11.31,12396175
4-Mar-16,11.15,11.32,11.10,11.18,15120278
3-Mar-16,10.97,11.30,10.96,11.11,18094878
2-Mar-16,10.93,11.06,10.77,10.90,12505130
1-Mar-16,10.84,11.02,10.67,10.93,17244883
29-Feb-16,10.64,10.85,10.60,10.69,16446303
26-Feb-16,10.44,10.99,10.38,10.64,22765874
25-Feb-16,10.16,10.46,9.95,10.34,35555923
24-Feb-16,10.28,10.86,10.10,10.82,21560134
23-Feb-16,10.61,10.63,10.25,10.31,12941764
22-Feb-16,10.44,10.75,10.42,10.68,10843078
19-Feb-16,10.49,10.49,10.05,10.32,13933355
18-Feb-16,10.13,10.67,10.10,10.52,18758508
17-Feb-16,9.88,10.10,9.87,10.08,11979928
16-Feb-16,9.56,9.84,9.45,9.81,11964301
12-Feb-16,9.09,9.44,9.03,9.42,9649211
11-Feb-16,9.14,9.20,8.91,9.02,14675048
10-Feb-16,9.24,9.46,9.19,9.28,12246845
9-Feb-16,9.29,9.42,9.15,9.19,19651556
8-Feb-16,9.76,9.81,9.21,9.37,15881751
5-Feb-16,9.83,10.12,9.76,9.91,16973273
4-Feb-16,9.60,9.94,9.60,9.86,11710067
3-Feb-16,9.81,9.85,9.33,9.65,15264244
2-Feb-16,9.83,9.97,9.73,9.88,21546252
1-Feb-16,9.65,10.01,9.59,9.97,21709873
29-Jan-16,9.58,9.72,9.40,9.71,47286035
28-Jan-16,9.75,9.77,9.42,9.48,13377673
27-Jan-16,9.64,9.89,9.56,9.62,9719857
26-Jan-16,9.54,9.80,9.51,9.64,9869744
25-Jan-16,9.79,9.81,9.45,9.49,14465232
22-Jan-16,10.13,10.24,9.73,9.80,17287976
21-Jan-16,9.61,10.01,9.51,9.94,25717951
20-Jan-16,9.55,9.63,9.24,9.55,26909131
19-Jan-16,10.27,10.28,9.70,9.76,26100865
15-Jan-16,10.18,10.38,9.99,10.11,24178625
14-Jan-16,10.60,10.82,10.54,10.62,29015649
13-Jan-16,10.83,10.92,10.44,10.58,29752321
12-Jan-16,10.76,10.89,10.57,10.82,16629480
11-Jan-16,10.66,10.75,10.50,10.65,17004006
8-Jan-16,10.83,10.92,10.55,10.58,17429384
7-Jan-16,11.05,11.05,10.72,10.77,25487650
6-Jan-16,11.52,11.52,11.20,11.29,16352592
5-Jan-16,11.65,11.78,11.58,11.71,13558506
4-Jan-16,11.58,11.66,11.45,11.60,15121710
31-Dec-15,11.83,11.99,11.76,11.84,10382718
30-Dec-15,11.91,11.96,11.81,11.84,8390613
29-Dec-15,11.67,11.93,11.67,11.86,9666338
28-Dec-15,11.70,11.72,11.58,11.63,8052380
24-Dec-15,11.75,11.89,11.72,11.73,4626631
23-Dec-15,11.75,11.79,11.66,11.75,11953781
22-Dec-15,11.40,11.76,11.30,11.66,19678125
21-Dec-15,11.60,11.63,11.31,11.43,18336189
18-Dec-15,11.83,11.91,11.45,11.51,38462426
17-Dec-15,12.28,12.35,11.89,11.90,25744262
16-Dec-15,12.27,12.40,12.18,12.26,18241296
15-Dec-15,12.22,12.46,12.20,12.21,18768571
14-Dec-15,12.30,12.47,12.01,12.16,19348037
11-Dec-15,12.14,12.28,12.04,12.21,20889528
10-Dec-15,12.12,12.38,12.12,12.36,15199887
9-Dec-15,12.08,12.45,12.04,12.11,23603459
8-Dec-15,11.92,12.36,11.89,12.19,20595506
7-Dec-15,12.21,12.46,12.07,12.15,21616358
4-Dec-15,12.15,12.56,12.12,12.32,21815329
3-Dec-15,11.97,12.37,11.86,12.15,47349888
2-Dec-15,12.61,12.61,11.90,11.95,52219389
1-Dec-15,12.63,12.77,12.52,12.74,17800196
30-Nov-15,12.58,12.69,12.39,12.54,28421303
27-Nov-15,12.54,12.88,12.51,12.61,17214251
25-Nov-15,13.17,13.27,12.26,12.64,71908577
24-Nov-15,14.07,14.82,14.02,14.64,28051418
23-Nov-15,14.31,14.33,13.99,14.23,14518373
20-Nov-15,13.84,14.09,13.81,14.06,20110576
19-Nov-15,13.67,13.84,13.62,13.79,15353783
18-Nov-15,13.43,13.69,13.38,13.64,12823077
17-Nov-15,13.41,13.65,13.26,13.28,14772968
16-Nov-15,13.15,13.43,13.11,13.35,12704551
13-Nov-15,13.36,13.45,13.03,13.11,16295274
12-Nov-15,13.79,13.80,13.29,13.31,20422536
11-Nov-15,14.13,14.21,13.90,13.92,9757800
10-Nov-15,13.87,14.14,13.83,14.12,15738773
9-Nov-15,14.25,14.35,13.84,13.87,19623855
6-Nov-15,13.96,14.06,13.83,14.01,21712486
5-Nov-15,14.21,14.25,13.96,14.05,16650362
4-Nov-15,14.25,14.43,13.91,14.14,34906663
3-Nov-15,13.73,14.50,13.55,14.29,38476116
2-Nov-15,12.47,14.00,12.41,13.83,51584637
30-Oct-15,27.12,27.39,26.72,26.96,26312669
29-Oct-15,27.63,27.77,27.27,27.37,9990060
28-Oct-15,27.52,28.00,27.40,11.75,8310636
27-Oct-15,27.92,28.04,27.34,27.45,15146212
26-Oct-15,28.94,29.02,11.46,28.07,9912953
23-Oct-15,11.90,12.38,11.73,12.00,314685
22-Oct-15,12.25,12.25,11.70,11.83,7964621
21-Oct-15,28.59,12.07,11.25,28.23,171500
20-Oct-15,12.60,12.60,11.70,12.01,363410
19-Oct-15,10.51,12.50,10.51,12.41,11295602
16-Oct-15,28.88,28.96,28.52,28.86,12045798
15-Oct-15,29.04,29.26,28.73,28.77,11801023
14-Oct-15,29.13,29.46,28.94,29.42,8606873
13-Oct-15,29.02,29.60,28.93,29.23,8791342
12-Oct-15,29.21,29.36,28.81,29.30,8502542
9-Oct-15,29.14,29.77,29.05,29.30,22340281
8-Oct-15,27.99,29.20,27.90,29.18,20047676
7-Oct-15,28.11,28.26,27.75,28.01,17160367
6-Oct-15,27.15,28.12,27.11,28.00,20557351
5-Oct-15,26.35,27.24,26.24,27.18,15140823
2-Oct-15,25.01,26.07,25.00,26.07,15544652
1-Oct-15,25.52,25.71,25.08,25.35,12498646
30-Sep-15,25.07,25.71,24.94,25.61,19290872
29-Sep-15,24.48,24.95,24.30,24.65,16781907
28-Sep-15,24.49,24.90,24.40,24.57,15016810
25-Sep-15,25.41,25.45,24.76,25.01,12692896
24-Sep-15,25.18,25.33,24.94,25.26,13784394
23-Sep-15,25.65,25.76,25.29,25.49,11138107
22-Sep-15,25.89,26.29,25.38,25.65,29603743
21-Sep-15,26.18,26.70,26.18,26.44,15920839
18-Sep-15,27.50,27.53,26.45,26.54,29198151
17-Sep-15,27.78,28.26,27.51,27.57,16971384
16-Sep-15,27.75,28.54,27.53,28.47,32238465
15-Sep-15,26.96,27.27,26.86,27.11,15895315
14-Sep-15,27.19,27.51,26.96,27.04,12974255
11-Sep-15,27.18,27.31,26.92,27.15,11457978
10-Sep-15,27.19,27.50,26.85,27.33,10328793
9-Sep-15,27.89,28.01,27.21,27.26,11649279
8-Sep-15,27.43,27.62,27.23,27.59,10260935
4-Sep-15,27.42,27.58,26.97,26.99,14847754
3-Sep-15,28.03,28.70,27.94,28.13,10800245
2-Sep-15,28.15,28.16,27.41,28.00,11292494
1-Sep-15,27.39,28.15,27.32,27.81,17966329
31-Aug-15,27.81,28.12,27.71,28.06,14168209
28-Aug-15,27.70,28.13,27.66,28.03,14855202
27-Aug-15,27.39,27.86,27.18,27.79,16875990
26-Aug-15,26.36,27.13,25.97,27.10,20179131
25-Aug-15,27.18,27.38,25.65,25.69,22993758
24-Aug-15,25.61,27.76,24.85,26.60,32317921
21-Aug-15,26.95,29.43,26.94,27.47,36903596
20-Aug-15,27.51,27.86,27.21,27.35,16415215
19-Aug-15,28.19,28.37,27.61,27.74,16250238
18-Aug-15,28.35,28.58,28.20,28.39,10757250
17-Aug-15,28.50,28.80,28.28,28.61,8224821
14-Aug-15,28.45,28.83,28.41,28.71,7595542
13-Aug-15,29.00,29.41,28.44,28.45,8519777
12-Aug-15,29.09,29.13,28.38,29.10,13300173
11-Aug-15,29.94,29.97,29.30,29.32,9371053
10-Aug-15,29.47,30.29,29.46,30.24,9890756
7-Aug-15,30.02,30.21,29.40,29.41,10378389
6-Aug-15,30.40,30.78,30.11,30.14,10626838
5-Aug-15,30.02,30.38,29.97,30.30,10368459
4-Aug-15,30.05,30.20,29.52,29.76,12652889
3-Aug-15,30.59,30.66,29.83,30.02,11539469
31-Jul-15,30.71,30.82,30.48,30.52,11925558
30-Jul-15,30.22,30.67,30.08,30.62,7057992
29-Jul-15,30.22,30.45,30.09,30.30,8571175
28-Jul-15,30.51,30.53,30.01,30.27,8032598
27-Jul-15,30.49,30.49,30.08,30.25,9972455
24-Jul-15,31.18,31.41,30.54,30.81,23314393
23-Jul-15,31.02,31.46,30.80,31.23,15227078
22-Jul-15,30.42,30.79,30.35,30.77,12212975
21-Jul-15,30.15,30.69,30.09,30.66,17044838
20-Jul-15,30.40,30.54,30.10,30.45,11963590
17-Jul-15,30.34,30.45,29.95,30.36,12333493
16-Jul-15,30.63,30.75,30.34,30.35,10712067
15-Jul-15,30.55,30.69,30.40,30.50,11886440
14-Jul-15,30.67,30.73,30.46,30.51,8703256
13-Jul-15,30.94,30.98,30.52,30.74,6728952
10-Jul-15,30.80,30.88,30.34,30.65,9277877
9-Jul-15,30.73,30.84,30.34,30.39,13029704
8-Jul-15,30.49,30.68,30.32,30.45,15465564
7-Jul-15,30.52,31.10,30.21,30.80,18130546
6-Jul-15,30.38,30.63,29.72,30.57,11581152
2-Jul-15,30.70,31.01,30.64,30.69,15700691
1-Jul-15,30.33,30.55,29.95,30.52,18350948
30-Jun-15,30.07,30.21,29.52,30.01,19352418
29-Jun-15,30.33,30.41,29.90,29.97,16508231
26-Jun-15,30.58,31.21,30.27,30.53,20335593
25-Jun-15,31.71,31.71,31.07,31.21,9561699
24-Jun-15,31.55,31.77,31.52,31.54,10243405
23-Jun-15,31.89,31.90,31.54,31.63,11897542
22-Jun-15,31.96,32.00,31.69,31.70,11388527
19-Jun-15,31.96,32.10,31.80,31.80,14965169
18-Jun-15,32.25,32.56,32.02,32.08,15268000
17-Jun-15,31.70,32.31,31.70,32.21,10995686
16-Jun-15,31.72,31.76,31.48,31.65,13011584
15-Jun-15,32.27,32.27,31.65,31.71,12203887
12-Jun-15,32.48,32.68,32.20,32.41,5225356
11-Jun-15,32.94,33.10,32.47,32.52,8896698
10-Jun-15,32.66,33.15,32.66,32.91,6656159
9-Jun-15,32.66,32.85,32.29,32.58,8203291
8-Jun-15,32.77,32.93,32.40,32.69,9491209
5-Jun-15,33.33,33.44,32.82,32.92,12132538
4-Jun-15,33.54,33.83,33.18,33.30,12885544
3-Jun-15,34.01,34.26,33.85,33.96,10563495
2-Jun-15,33.66,34.28,33.33,33.88,9851302
1-Jun-15,33.41,33.99,33.31,33.76,9252204
29-May-15,33.62,33.70,33.26,33.40,12397378
28-May-15,33.71,33.91,33.47,33.65,6860211
27-May-15,33.63,33.82,33.22,33.78,13849427
26-May-15,34.47,34.62,33.26,33.38,17037713
22-May-15,34.27,35.60,34.26,34.76,28605395
21-May-15,33.10,33.94,33.02,33.83,13435050
20-May-15,33.41,33.45,32.78,33.07,12001462
19-May-15,33.24,33.50,33.20,33.40,7674699
18-May-15,33.49,33.52,33.01,33.25,8765842
15-May-15,33.60,33.73,33.29,33.60,9725568
14-May-15,33.51,33.73,33.40,33.70,6111931
13-May-15,33.01,33.48,32.97,33.30,6256338
12-May-15,33.32,33.37,32.90,32.92,9029074
11-May-15,33.40,33.82,33.33,33.70,9970378
8-May-15,33.18,33.50,32.96,33.41,7557260
7-May-15,32.45,33.00,32.27,32.82,7754694
6-May-15,33.19,33.38,32.25,32.50,8460583
5-May-15,33.44,33.67,32.93,33.16,8725534
4-May-15,33.80,33.89,33.58,33.65,5092885
1-May-15,33.20,33.93,33.20,33.80,11589079
30-Apr-15,33.31,33.46,32.84,32.97,10519480
29-Apr-15,33.14,33.56,32.89,33.32,8641896
28-Apr-15,33.19,33.24,32.73,33.24,8935889
27-Apr-15,33.39,33.39,33.00,33.07,8411259
24-Apr-15,33.75,33.75,33.15,33.26,7621115
23-Apr-15,33.20,33.70,33.13,33.38,8612816
22-Apr-15,33.30,33.65,33.03,33.51,9068832
21-Apr-15,33.49,33.62,32.92,33.21,9363977
20-Apr-15,32.63,33.45,32.62,33.41,10698028
17-Apr-15,32.56,32.79,32.33,32.53,10663699
16-Apr-15,32.95,33.17,32.80,32.81,7559754
15-Apr-15,32.73,33.27,32.63,33.04,11202301
14-Apr-15,32.69,32.70,32.03,32.52,11325301
13-Apr-15,32.11,32.85,31.90,32.70,19703002
10-Apr-15,31.66,32.21,31.32,32.11,15519798
9-Apr-15,31.55,31.76,31.36,31.55,7544265
8-Apr-15,31.50,31.97,31.12,31.52,11664689
7-Apr-15,31.73,31.81,31.42,31.42,8444808
6-Apr-15,31.07,31.88,31.00,31.83,9231392
2-Apr-15,31.30,31.75,31.22,31.40,8527721
1-Apr-15,31.85,31.86,31.22,31.29,15527572
31-Mar-15,31.29,31.45,31.04,31.16,13722092
30-Mar-15,31.88,31.98,31.48,31.57,11118560
27-Mar-15,32.21,32.33,31.03,31.49,19646060
26-Mar-15,31.91,32.60,31.57,32.01,13709029
25-Mar-15,33.42,33.50,32.20,32.20,11312998
24-Mar-15,33.42,33.50,33.11,33.31,11105985
23-Mar-15,33.30,33.74,33.24,33.45,12723927
20-Mar-15,32.86,33.58,32.86,33.28,25140644
19-Mar-15,32.94,33.04,32.63,32.84,11780944
18-Mar-15,32.36,33.16,32.16,33.03,13889369
17-Mar-15,32.28,32.47,32.20,32.43,10408362
16-Mar-15,32.40,32.71,32.19,32.38,12498948
13-Mar-15,32.59,32.59,32.00,32.43,14845499
12-Mar-15,31.63,32.80,31.51,32.72,26255292
11-Mar-15,32.98,32.98,32.41,32.61,13762613
10-Mar-15,33.21,33.21,32.49,32.67,16633674
9-Mar-15,33.03,33.09,32.62,32.95,14137598
6-Mar-15,33.80,33.95,33.11,33.18,17412969
5-Mar-15,34.28,34.33,33.84,34.00,18224703
4-Mar-15,34.44,34.49,34.01,34.19,15652895
3-Mar-15,34.92,35.04,34.45,34.57,13686430
2-Mar-15,34.90,35.13,34.50,34.92,15719599
27-Feb-15,33.98,34.99,33.92,34.84,29539209
26-Feb-15,34.50,34.65,33.69,34.01,32530555
25-Feb-15,35.36,35.69,34.42,34.67,62987738
24-Feb-15,38.24,38.70,38.01,38.49,16300760
23-Feb-15,38.48,38.50,37.92,38.19,9947942
20-Feb-15,38.34,38.49,37.83,38.39,7518727
19-Feb-15,38.15,38.40,37.84,38.38,5732249
18-Feb-15,38.58,38.58,37.91,38.15,8247167
17-Feb-15,38.55,38.86,38.30,38.53,7569925
13-Feb-15,38.29,38.58,38.14,38.56,6630525
12-Feb-15,38.44,38.85,38.23,38.37,9193573
11-Feb-15,37.89,38.44,37.88,38.18,7953689
10-Feb-15,37.89,38.31,37.66,37.89,7781549
9-Feb-15,37.83,37.84,37.31,37.64,7968230
6-Feb-15,37.94,38.65,37.83,37.95,8381638
5-Feb-15,37.97,38.18,37.80,37.95,6313146
4-Feb-15,37.61,38.29,37.61,37.90,10479717
3-Feb-15,36.70,37.80,36.70,37.77,14610299
2-Feb-15,36.26,36.56,35.44,36.47,15459557
30-Jan-15,37.42,37.48,36.06,36.13,17496985
29-Jan-15,37.30,37.89,36.75,37.74,10152196
28-Jan-15,37.83,38.11,37.11,37.16,10656259
27-Jan-15,37.46,37.85,36.72,37.36,17203020
26-Jan-15,39.74,39.74,38.68,38.84,11265639
23-Jan-15,39.96,40.25,39.76,40.08,7141984
22-Jan-15,38.92,40.09,38.58,40.06,11681829
21-Jan-15,38.42,38.97,38.30,38.57,8391480
20-Jan-15,38.44,38.90,38.11,38.62,10251015
16-Jan-15,37.88,38.55,37.58,38.34,12977364
15-Jan-15,39.46,39.64,38.17,38.19,13777895
14-Jan-15,39.49,39.53,38.79,39.46,10376620
13-Jan-15,39.96,40.67,39.45,39.81,11539068
12-Jan-15,40.68,40.80,39.77,39.92,8957347
9-Jan-15,40.84,41.10,40.22,40.67,9704412
8-Jan-15,40.12,40.89,40.08,40.68,9829708
7-Jan-15,39.54,39.75,39.23,39.73,10508860
6-Jan-15,39.87,40.22,38.92,39.27,11988508
5-Jan-15,39.80,40.09,39.27,39.57,10832953
2-Jan-15,40.06,40.48,39.58,40.24,9811875
